fire_label,predicted_label,fire_risk_probability,risk_level
0,0,0.09784844810472539,Low
1,1,0.8778502060509237,Critical
1,1,0.9991782713085234,Critical
0,0,0.10554169065440053,Low
0,0,0.1375738664255216,Low
0,0,0.07561038264081402,Low
0,0,0.0033472418865633812,Low
1,1,0.9857377715833038,Critical
0,0,0.0074099262072399984,Low
1,1,0.8789103016292305,Critical
0,0,0.013257501912445737,Low
1,1,0.8723216389466388,Critical
1,1,0.8612202265197243,Critical
0,0,0.009664690687057113,Low
0,0,0.006144724189155091,Low
0,0,0.002744693932625473,Low
0,0,0.04813260106889428,Low
0,0,0.006490760308721064,Low
0,0,0.008485363676731649,Low
0,0,0.20553283734640154,Low
0,0,0.0033493549321790277,Low
0,0,0.009314464525400747,Low
0,0,0.00424834027957335,Low
0,0,0.1605644883982385,Low
0,0,0.016122372665579584,Low
1,1,0.9999705882352942,Critical
0,0,0.18878354036760553,Low
0,0,0.003284778605188142,Low
0,0,0.02957182480949107,Low
0,0,0.01636118676385266,Low
0,0,0.16058934355526538,Low
0,0,0.031454440892535164,Low
0,0,0.057718336421192555,Low
1,1,0.9056042460329607,Critical
1,1,0.9996560278427037,Critical
1,1,0.9421538906321513,Critical
0,0,0.25867694511243156,Medium
0,0,0.016639580930070532,Low
1,1,0.9994121466768526,Critical
0,0,0.01876443396347341,Low
0,0,0.03774982319494652,Low
0,0,0.22204133774163118,Low
0,0,0.06314102687478668,Low
1,1,0.7569715875838267,Critical
0,0,0.0031967824852697805,Low
1,1,0.8225658767088465,Critical
0,0,0.08939074809638299,Low
0,0,0.02471992343347341,Low
0,0,0.0023937901488843396,Low
0,0,0.06962074575782719,Low
1,1,0.8567338426082798,Critical
1,1,0.887161865784649,Critical
1,1,0.9749002070036227,Critical
1,1,0.9507711477876523,Critical
0,0,0.03735430884039872,Low
1,1,0.911062848241563,Critical
0,0,0.042699970286783635,Low
0,0,0.2067631470775776,Low
0,0,0.03909099903295651,Low
0,0,0.4039422940889761,Medium
0,0,0.006201853595980489,Low
0,0,0.055384993988149125,Low
1,1,0.5636810143962319,High
0,0,0.013818914503262811,Low
0,0,0.03424457410781175,Low
0,0,0.02512219204151944,Low
0,0,0.004524028877700031,Low
1,1,0.9938942523574315,Critical
0,0,0.010438692687094837,Low
1,0,0.20210060498098648,Low
1,1,0.964504761904762,Critical
0,0,0.010605705937121042,Low
0,0,0.041896511260911415,Low
1,1,0.9460598577892694,Critical
1,1,0.8038577390045623,Critical
1,1,0.9911617593602327,Critical
1,1,0.9180044680851063,Critical
0,0,0.08826829139684055,Low
0,0,0.04688057366508097,Low
0,0,0.005931017543468455,Low
1,1,0.9865,Critical
0,0,0.0789854811902306,Low
0,0,0.23071150221094722,Low
0,0,0.015298417703865374,Low
0,0,0.00596737447440495,Low
0,0,0.003930420527282742,Low
1,1,0.9706459718515658,Critical
0,0,0.04166076702881604,Low
1,1,0.954508964147954,Critical
0,0,0.006600414275993891,Low
0,0,0.004697295844521974,Low
1,1,0.9239346161152384,Critical
1,1,0.9635718884846476,Critical
0,0,0.017481326389954813,Low
1,1,0.9097744254772528,Critical
0,0,0.021106097527054835,Low
0,0,0.001051105735166879,Low
0,0,0.21071708382111204,Low
0,0,0.008009482339295262,Low
0,0,0.007621540633440772,Low
0,0,0.00433696268178532,Low
0,0,0.007200975153693568,Low
0,0,0.40588338237570837,Medium
0,0,0.06518031185556537,Low
1,1,0.7643347345525825,Critical
0,1,0.5508708318172963,High
0,0,0.005864567105851106,Low
1,1,0.9994656809288601,Critical
0,0,0.036874693520019694,Low
0,0,0.016552596625725405,Low
0,0,0.00784040211244477,Low
0,0,0.06191032657837875,Low
1,1,0.9912372549019608,Critical
1,1,0.9444403926369493,Critical
0,0,0.04067899588002162,Low
1,1,0.8911055936528761,Critical
1,1,0.8678395306954816,Critical
0,0,0.005744007248868461,Low
1,1,0.9426292034927829,Critical
0,0,0.01919670771090964,Low
1,1,0.9989868154158215,Critical
1,1,0.984570350877193,Critical
0,0,0.004285926223910249,Low
0,0,0.003990229434886126,Low
0,0,0.0859370662483807,Low
0,0,0.2476917444111145,Low
1,1,0.9913990303872329,Critical
1,1,0.99468,Critical
0,0,0.14089601231186008,Low
0,0,0.1308311093535749,Low
0,1,0.8932255720470006,Critical
0,0,0.008051860130197113,Low
0,0,0.024170343931188176,Low
0,0,0.017820360913025305,Low
1,1,0.965850860767479,Critical
0,0,0.056699236596243846,Low
0,0,0.011846971738957532,Low
1,1,0.9992711477876522,Critical
0,0,0.01567895781941081,Low
1,1,0.754720473970474,Critical
1,1,0.9810797568713752,Critical
0,0,0.042361441275421,Low
0,0,0.3183420471281296,Medium
0,0,0.10766444347355067,Low
0,0,0.16469954987419896,Low
0,0,0.08466447150701847,Low
0,0,0.021272678340585868,Low
0,0,0.012430007383108123,Low
0,0,0.011964586745555528,Low
0,0,0.200601137742073,Low
1,1,0.9809856949676423,Critical
0,0,0.01701183992757004,Low
0,0,0.08609391321994345,Low
0,0,0.015746750890354683,Low
1,1,0.9681025641025642,Critical
0,0,0.09971491807337732,Low
1,1,0.962933519867674,Critical
1,1,0.9394603174603173,Critical
0,0,0.0050476381160038455,Low
1,1,0.7197658372292005,High
0,0,0.007062321160974523,Low
0,0,0.4491100583948419,Medium
0,0,0.029405648352522268,Low
0,0,0.1083083348092321,Low
0,0,0.09951643582491952,Low
1,1,0.9996764705882353,Critical
0,0,0.023644251259866033,Low
0,0,0.008898977578684495,Low
0,0,0.0019785893738586357,Low
0,0,0.0037843594670046964,Low
1,1,0.9088625192012287,Critical
0,0,0.04929071486496908,Low
0,1,0.5043286261502725,High
0,0,0.19229616984583686,Low
0,0,0.013130313548494055,Low
0,0,0.015455723186304471,Low
1,1,0.9845367965367966,Critical
0,0,0.0347045291362927,Low
1,1,0.9906167321067751,Critical
0,0,0.026619978953583878,Low
0,0,0.055374105019356676,Low
0,0,0.0029545720689165772,Low
1,1,0.9888614973262032,Critical
1,1,0.9438678940663674,Critical
0,0,0.004628107497733531,Low
1,1,0.6616706076949695,High
1,1,0.8494280904280903,Critical
0,0,0.0636978546786601,Low
0,0,0.0069288752388008724,Low
0,0,0.04597949901117829,Low
0,0,0.3721929178069092,Medium
1,1,0.8802959422087012,Critical
1,1,0.9667902769995718,Critical
0,0,0.00621380275052811,Low
0,0,0.006122039915794705,Low
0,0,0.00520988727944653,Low
1,1,0.7640888708793601,Critical
1,1,0.6224102774096457,High
1,1,0.9944803921568628,Critical
1,1,0.9634757462883372,Critical
0,0,0.0017763743753012073,Low
0,0,0.010413630987278053,Low
0,0,0.15471863267040523,Low
1,1,0.9716737608086714,Critical
0,0,0.005936880202096113,Low
0,0,0.011955136551281909,Low
0,0,0.007636170986418854,Low
1,1,0.9236426312460467,Critical
0,0,0.01634652672855323,Low
0,0,0.012309856856741352,Low
0,0,0.036659148533488686,Low
1,1,0.6173552179544052,High
1,1,0.7843243878060968,Critical
0,0,0.1592402651553984,Low
1,1,0.7926291269598086,Critical
0,0,0.027243246579585722,Low
0,0,0.1334894958922005,Low
1,1,0.9896454791989977,Critical
0,0,0.011262472758959665,Low
1,1,0.9356027315089385,Critical
1,1,0.8248484566269348,Critical
0,0,0.022935742598572704,Low
0,0,0.010502192533435938,Low
0,0,0.005634105731878052,Low
0,0,0.028909339880781083,Low
0,0,0.012113445289546014,Low
1,1,0.8519223072512793,Critical
0,0,0.01951280243727309,Low
1,1,0.8039364632851098,Critical
0,0,0.004321159393178168,Low
1,1,0.9984406809288601,Critical
0,0,0.15620832447692334,Low
0,0,0.10140315592068855,Low
0,0,0.0058494557221637,Low
0,0,0.02681763029587851,Low
1,1,0.7756817369512844,Critical
0,0,0.024296629328957504,Low
0,0,0.01658787611274539,Low
0,0,0.05358957712905441,Low
0,0,0.3890577739046315,Medium
1,1,0.8918006995008237,Critical
1,1,0.8260979615979618,Critical
1,1,0.6217394393827107,High
0,0,0.020069736063132074,Low
0,0,0.09989802473675191,Low
1,1,0.7403214285714287,High
0,0,0.012471413962890053,Low
1,1,0.9303249299719887,Critical
1,1,0.9957870175438598,Critical
1,1,0.8909458873954488,Critical
0,0,0.0049269820329973174,Low
0,0,0.01877584227794575,Low
1,1,0.9160369040901731,Critical
0,0,0.11436465533627313,Low
0,0,0.05749972455661308,Low
0,0,0.05231446727499483,Low
1,1,0.511351475423614,High
1,1,0.5404051226551227,High
0,0,0.08247928008005934,Low
0,0,0.024548638744020152,Low
0,0,0.04315193843701695,Low
1,1,0.5599300137980132,High
0,0,0.08578417669492466,Low
0,0,0.25124028944242605,Medium
1,1,0.7264607556359222,High
1,1,0.9884554284566014,Critical
1,1,0.969146994196492,Critical
1,1,0.9948942523574316,Critical
0,0,0.019443813202638938,Low
0,0,0.12328632173724455,Low
1,1,0.9859473764122901,Critical
1,1,0.9894723889555823,Critical
1,1,0.8700555609639795,Critical
1,1,0.9331400560224088,Critical
0,0,0.1157259659897033,Low
0,0,0.019643598102167096,Low
1,1,0.9132267676767674,Critical
0,0,0.15074340674691047,Low
1,1,0.7978975155279503,Critical
1,1,0.5588387096774192,High
1,1,0.9083048619387788,Critical
0,0,0.14319887829943453,Low
0,0,0.005629890178852133,Low
0,0,0.03841704998338006,Low
0,0,0.017792238328779214,Low
0,0,0.10947330282091013,Low
0,0,0.3408581493203342,Medium
0,0,0.023858512441477457,Low
0,0,0.011048467833759805,Low
0,0,0.00835103167863956,Low
0,0,0.1138259678968644,Low
0,0,0.044704184761250244,Low
1,1,0.5260996031148494,High
0,0,0.373193233442924,Medium
0,0,0.044389865171825665,Low
0,0,0.0027615393559616225,Low
1,1,0.9289228399110425,Critical
0,0,0.31985044627858605,Medium
0,0,0.0898334063840379,Low
0,0,0.2706110498047195,Medium
0,0,0.009876850900983763,Low
0,0,0.033182453266487937,Low
0,0,0.006557277094638603,Low
0,0,0.04860479497105094,Low
1,1,0.5464326820116673,High
1,1,0.9640184037311293,Critical
0,1,0.5673727701370961,High
0,0,0.04210133185852939,Low
1,1,0.9995420168067227,Critical
0,0,0.011602299174642332,Low
0,0,0.0976267085328457,Low
0,0,0.01087172477088329,Low
0,0,0.004562652232872292,Low
1,0,0.16203901338823246,Low
1,1,0.9989652827479684,Critical
1,1,0.784732955703972,Critical
0,0,0.06212968569596169,Low
0,0,0.08401007714276953,Low
0,0,0.0016619060072177525,Low
0,0,0.4453971781815235,Medium
0,0,0.2577116402116403,Medium
1,1,0.9366262227154588,Critical
1,1,0.9938634453781513,Critical
0,0,0.34680695407300144,Medium
1,1,0.8758854489164086,Critical
1,1,0.8264085088580886,Critical
0,0,0.07047477128027554,Low
0,0,0.15654000463376774,Low
0,0,0.08911326704044745,Low
0,0,0.037205256301585055,Low
0,0,0.03344015123448903,Low
1,1,0.9704252586119345,Critical
0,0,0.01146174614135214,Low
0,0,0.005888987691618932,Low
0,0,0.017391907050486474,Low
0,0,0.004874775903054067,Low
1,1,0.9875403397880892,Critical
1,1,0.8637744451768842,Critical
0,0,0.08595999770583095,Low
0,0,0.00540325619937048,Low
0,0,0.07929296881115074,Low
0,0,0.004425376498812152,Low
0,0,0.015765681722299404,Low
0,0,0.01076425152476317,Low
0,0,0.2127230426466233,Low
0,0,0.45561593278883694,Medium
0,0,0.07762602760717216,Low
0,0,0.05769134738955278,Low
0,0,0.1438825680859218,Low
0,0,0.15298638727578592,Low
0,0,0.019023247748027168,Low
1,1,0.9510688971625207,Critical
1,1,0.9811096735723992,Critical
0,0,0.02473131051872548,Low
0,0,0.018805294833300783,Low
0,0,0.0222079725697136,Low
0,0,0.07730074014598479,Low
0,0,0.018146733469308472,Low
1,1,0.9460334085720725,Critical
0,1,0.5971890538939646,High
0,0,0.17321985365924758,Low
0,0,0.08515119242281476,Low
0,0,0.4147513321531114,Medium
0,0,0.013223613957480958,Low
1,1,0.6174185345264082,High
0,0,0.1306239893134678,Low
1,1,0.8654999999999999,Critical
1,1,0.9251023904327341,Critical
0,0,0.03033990813152139,Low
0,0,0.010099664950393496,Low
0,0,0.0036301495999739625,Low
0,0,0.31953964308917177,Medium
0,0,0.0028380712822822234,Low
1,1,0.8942932900432901,Critical
0,0,0.020264516786277983,Low
0,0,0.3422356828051708,Medium
1,1,0.835703688591288,Critical
0,0,0.28307222825627304,Medium
1,1,0.8185465434950169,Critical
0,0,0.0067842094583021725,Low
0,0,0.014447343897383568,Low
1,1,0.6727800491039041,High
0,0,0.2838261574212424,Medium
1,1,0.9514033264033265,Critical
1,1,0.9995705882352941,Critical
1,0,0.27544603151876756,Medium
0,0,0.22362140845678025,Low
0,0,0.3088066466811305,Medium
1,1,0.7100520007544395,High
1,1,0.9963791596638656,Critical
1,1,0.8126970637783938,Critical
0,0,0.012036666091606425,Low
0,0,0.009777029004391327,Low
1,1,0.7838333333333334,Critical
0,0,0.0731762692988887,Low
1,1,0.7779418581441311,Critical
1,1,0.9996764705882353,Critical
0,0,0.06531648142807348,Low
1,1,0.977520201892942,Critical
1,1,0.9327731099581905,Critical
0,0,0.044949151736271765,Low
1,1,0.7037565729297925,High
0,1,0.5655964624321456,High
1,1,0.9188744401924118,Critical
0,0,0.26248809523809524,Medium
1,1,0.8578119241046553,Critical
0,0,0.009425159151245602,Low
0,0,0.0044099033852208645,Low
1,1,0.8985696647625449,Critical
0,0,0.03301311862500987,Low
0,0,0.02801306027051582,Low
1,1,0.8863257317757316,Critical
1,1,0.6816491113821889,High
0,0,0.021411952175292844,Low
0,0,0.010600664245118425,Low
0,0,0.013359425872759898,Low
0,0,0.027736205769031415,Low
0,0,0.023827228789805126,Low
1,0,0.4324614000371661,Medium
1,0,0.40156990323610053,Medium
1,1,0.9185198282291092,Critical
1,0,0.4847494757672247,Medium
0,0,0.016253776561101673,Low
0,0,0.028611326815637574,Low
0,0,0.09140578704514046,Low
0,0,0.006440702375992353,Low
0,0,0.015126509797154545,Low
1,1,0.8338767418600075,Critical
0,0,0.031184489548452404,Low
0,0,0.016442465771603253,Low
0,0,0.004636282700499867,Low
1,1,0.8728517721480678,Critical
0,0,0.054475786444871714,Low
0,0,0.2061154348348876,Low
0,0,0.08378776597452242,Low
1,1,0.7737299417374989,Critical
0,0,0.0056695431222249,Low
1,1,0.7798426779313875,Critical
1,1,0.6506990036741517,High
0,0,0.03561195599984402,Low
0,0,0.03789766246796494,Low
1,1,0.8078924314972508,Critical
0,0,0.42025043379043003,Medium
0,0,0.004944850154516251,Low
1,1,0.9414531097858914,Critical
1,1,0.9474981981981982,Critical
1,1,0.8918912231559291,Critical
1,1,0.6171289141824385,High
0,0,0.017117126255181147,Low
0,0,0.0052269795781761195,Low
1,1,0.9901843222137339,Critical
0,0,0.002956599610416444,Low
0,0,0.0857953862134106,Low
1,0,0.3315370413156137,Medium
0,0,0.09476309533625375,Low
0,0,0.02641731022448512,Low
0,0,0.001815288161921272,Low
0,0,0.005615122449566384,Low
0,0,0.1679436395758762,Low
0,0,0.017926269837637322,Low
0,0,0.07823525130287202,Low
0,0,0.205626228274634,Low
1,1,0.9510939510939509,Critical
0,0,0.004302860457166382,Low
1,1,0.957091429488066,Critical
0,0,0.0161987565491996,Low
0,0,0.11038002827689082,Low
1,1,0.9603717355350639,Critical
0,0,0.005279278339497053,Low
1,1,0.7642838547982859,Critical
0,0,0.04381819218442511,Low
1,1,0.9762086834733894,Critical
0,0,0.010400794909857857,Low
1,0,0.1269015205376939,Low
0,0,0.035100770227058625,Low
1,1,0.9979705882352942,Critical
0,0,0.0117888582185473,Low
0,0,0.010071054152926218,Low
1,1,0.9995420168067227,Critical
0,0,0.0362876342937246,Low
0,0,0.00939103707678439,Low
1,1,0.8197541518704401,Critical
0,0,0.012454028100998476,Low
0,0,0.18048224566471302,Low
0,0,0.01851457906154162,Low
1,1,0.9861472090378505,Critical
0,0,0.1588458023366485,Low
0,0,0.10695206380842429,Low
1,1,0.9678810276461681,Critical
1,1,0.9587841074215568,Critical
0,0,0.015316307746900768,Low
0,0,0.006708991449345997,Low
0,0,0.0030117018237061123,Low
0,0,0.020894155974740303,Low
0,0,0.2900213556283244,Medium
0,0,0.005552304353573875,Low
0,0,0.21679269536694673,Low
0,0,0.002459078710207435,Low
1,1,0.9709705882352941,Critical
1,1,0.978967412623331,Critical
1,1,0.7392384678539851,High
0,0,0.002902536833903429,Low
0,0,0.2655267269060767,Medium
1,1,0.9488855778833273,Critical
1,1,0.9995420168067227,Critical
0,0,0.049898259172819065,Low
1,1,0.7057581850398443,High
1,1,0.8157314375436439,Critical
1,1,0.9589144745860401,Critical
1,1,0.9935850740934332,Critical
0,0,0.4154534242543235,Medium
0,0,0.0875469522780772,Low
1,0,0.44833063972430415,Medium
1,1,0.9409391079117673,Critical
0,0,0.005453733113918486,Low
0,0,0.05123025265027431,Low
0,0,0.009972875735444553,Low
1,1,0.9126559696342305,Critical
1,1,0.9741974716786307,Critical
0,0,0.007421306370144063,Low
0,0,0.0037802605536256017,Low
0,0,0.0539955571297499,Low
1,1,0.6572936832670874,High
1,1,0.999597228585431,Critical
1,1,0.9325639529926677,Critical
0,0,0.008976410007866819,Low
0,0,0.0020738581205713203,Low
0,0,0.017318829719910053,Low
0,0,0.010148936360025293,Low
1,1,0.73845253953495,High
1,1,0.5949849520373036,High
1,1,0.8952687074829931,Critical
1,1,0.7753064292480509,Critical
0,0,0.0031069548492453987,Low
1,1,0.6192904456654457,High
1,1,0.8852875533438808,Critical
1,1,0.7571223232354752,Critical
0,0,0.07055356477291064,Low
0,0,0.003436886504663472,Low
0,0,0.130153864175248,Low
1,1,0.9561869727823168,Critical
0,0,0.10367810734514261,Low
0,0,0.011189463770414904,Low
1,1,0.6707431982471952,High
0,0,0.07455138378922734,Low
0,0,0.03874626094920266,Low
0,0,0.004872705405688967,Low
1,1,0.8433876253733185,Critical
0,0,0.005916446897643944,Low
1,1,0.5392503216597645,High
0,0,0.004553609722736188,Low
1,1,0.9627893390857296,Critical
0,0,0.04938964352837285,Low
0,0,0.27313920165969435,Medium
1,1,0.7688011204481792,Critical
0,0,0.050116060614829934,Low
0,0,0.025955701601559262,Low
0,0,0.004567636655451478,Low
1,1,0.9995208927075686,Critical
0,0,0.002464015966252163,Low
1,0,0.4627113894324987,Medium
0,0,0.0036287338259263064,Low
0,0,0.05002361356398079,Low
0,0,0.007158725646759461,Low
0,0,0.29648617933032123,Medium
0,0,0.005376638697548692,Low
0,0,0.2404025614632225,Low
0,0,0.01449055336658376,Low
1,1,0.9133871906748463,Critical
0,0,0.002314822348956317,Low
0,0,0.19057054986048516,Low
1,1,0.8009058091705152,Critical
0,0,0.026254811060857596,Low
0,0,0.01685104561832699,Low
1,1,0.9945850656051896,Critical
1,1,0.8052242448081378,Critical
0,0,0.15572489786829555,Low
1,1,0.9196369705170698,Critical
0,0,0.19463004905026074,Low
0,0,0.013189804473369229,Low
0,0,0.00898608033546589,Low
1,1,0.8790924756579583,Critical
0,0,0.04015495256072191,Low
0,0,0.0038111207116930056,Low
0,1,0.6708681904454873,High
0,0,0.03191535270550647,Low
0,1,0.7257055880847666,High
0,0,0.02279962604528114,Low
0,0,0.2826659376706461,Medium
0,0,0.4623140760172181,Medium
0,0,0.006276786032577853,Low
0,0,0.024832520161412887,Low
0,0,0.04411879865091013,Low
0,0,0.008481071862911466,Low
1,1,0.9493901473632931,Critical
0,0,0.3441036930023999,Medium
1,1,0.9847613530260589,Critical
0,0,0.13132345282085045,Low
0,0,0.0031165078125011438,Low
0,0,0.00567925227222747,Low
0,0,0.014697868404135174,Low
0,0,0.07113543677266705,Low
0,0,0.008384229604309354,Low
0,0,0.07692872017550685,Low
0,0,0.20139172246800124,Low
0,0,0.3404203301600311,Medium
0,0,0.03727834246627962,Low
0,0,0.0384299819269936,Low
0,0,0.0036463971670659266,Low
1,1,0.9751244148387006,Critical
0,0,0.008690191827797757,Low
1,1,0.8666106299654491,Critical
0,0,0.003243630943170524,Low
0,0,0.03116084168763233,Low
1,1,0.8999091455249091,Critical
1,1,0.9468057429059432,Critical
0,0,0.20922982085292122,Low
0,0,0.05440624232020138,Low
1,0,0.3544473691867562,Medium
1,1,0.8435476190476191,Critical
0,0,0.13875832942553193,Low
0,0,0.12422232200559748,Low
0,0,0.010939664470615704,Low
0,0,0.08081279358121636,Low
0,0,0.04548776753591888,Low
0,0,0.00982397525438223,Low
0,1,0.5270835207264692,High
1,1,0.8668847061347061,Critical
0,0,0.04817327567080681,Low
0,0,0.02020277978109772,Low
1,1,0.9304498746867167,Critical
1,1,0.9175719007620651,Critical
0,0,0.17422561192423205,Low
0,0,0.06945741623274194,Low
0,0,0.3242934758333951,Medium
0,0,0.004449871158379662,Low
0,0,0.04403926577682097,Low
0,0,0.11828564983512413,Low
0,0,0.037249220978987724,Low
0,0,0.005710462554756991,Low
0,0,0.030070482205655762,Low
0,0,0.019430806852640283,Low
0,0,0.010755580807907904,Low
0,0,0.037786948898591535,Low
0,0,0.06216665204840613,Low
1,1,0.9595558833880696,Critical
0,0,0.11290758556267168,Low
1,1,0.8754645600175555,Critical
1,1,0.9439880952380955,Critical
0,0,0.004714472931221427,Low
0,0,0.021123703506010238,Low
0,0,0.024289542391665885,Low
0,0,0.005823253908152408,Low
1,1,0.9920614973262032,Critical
0,0,0.007048425831558014,Low
0,0,0.15893934950874827,Low
0,0,0.016857131594861033,Low
0,0,0.0015604998736416778,Low
0,0,0.12283657531723188,Low
0,0,0.05137077141627411,Low
0,0,0.005111270886208037,Low
1,1,0.9746072341980271,Critical
0,0,0.12469602704845582,Low
0,0,0.019560870799788042,Low
0,0,0.022458784485777893,Low
0,0,0.055450591087991864,Low
0,0,0.22624912208954207,Low
0,0,0.0048726175675759455,Low
0,0,0.02243203945464167,Low
0,0,0.06469090325611487,Low
0,0,0.0058734723907254835,Low
1,1,0.6034063968554475,High
0,0,0.13552099853572996,Low
0,0,0.012169599895410705,Low
0,0,0.0074563283213807015,Low
1,1,0.9490994942586782,Critical
0,0,0.27670125178713895,Medium
0,0,0.02577117073310792,Low
1,1,0.9692699396021957,Critical
1,1,0.9901560278427037,Critical
1,0,0.12198626798360797,Low
0,0,0.17847891524260087,Low
0,0,0.11482850683706808,Low
1,1,0.7723601953601954,Critical
1,1,0.9609948215808062,Critical
0,0,0.005218664899909111,Low
0,0,0.0298606841594227,Low
0,0,0.025062866253950412,Low
1,1,0.8867801466825856,Critical
0,0,0.06364010688593137,Low
0,0,0.10407841749198926,Low
0,0,0.07815266087292634,Low
0,0,0.15217569588051066,Low
0,0,0.16932754048813684,Low
0,0,0.0036119703580215984,Low
0,0,0.002832922129038187,Low
0,0,0.037184552323576384,Low
0,0,0.08748466611181475,Low
0,0,0.0040943426093414306,Low
0,0,0.0030655351970315407,Low
0,0,0.14040292367154608,Low
0,0,0.035062914672050305,Low
0,0,0.027075719401799134,Low
0,0,0.02101771401200106,Low
0,0,0.06331482852652419,Low
1,0,0.4721745539948914,Medium
0,0,0.006029767716714564,Low
1,1,0.9582102475956376,Critical
0,0,0.49923379443785904,Medium
1,1,0.960787109667212,Critical
1,1,0.9945420168067227,Critical
0,0,0.007266508612439504,Low
0,0,0.008217278269086681,Low
0,0,0.06456629876206073,Low
0,0,0.024716908679276058,Low
1,1,0.9541113213782153,Critical
1,1,0.9766666666666667,Critical
1,1,0.8389551282051282,Critical
0,0,0.0497045056249891,Low
1,1,0.9804771298502577,Critical
1,0,0.2868738315496434,Medium
0,0,0.005468326882919203,Low
0,0,0.008034885810798469,Low
1,1,0.9438170186297831,Critical
0,0,0.291224941595542,Medium
1,1,0.9853870294784579,Critical
0,0,0.0038728033111535393,Low
1,1,0.9805203700441635,Critical
0,0,0.01139689580634947,Low
0,0,0.33627951622033664,Medium
0,0,0.16328821280164696,Low
1,1,0.912239031498724,Critical
1,0,0.3004274371837653,Medium
0,0,0.11955103160318281,Low
0,0,0.052006837890787555,Low
1,1,0.9793278718185838,Critical
0,0,0.034215910875813445,Low
1,1,0.9779734831236314,Critical
0,0,0.008920728232263503,Low
0,0,0.023892696425546468,Low
0,0,0.021726551995454795,Low
0,0,0.03518583319676941,Low
1,1,0.8988868355373597,Critical
0,0,0.012559191619793748,Low
0,0,0.02062007411735654,Low
1,1,0.9999705882352942,Critical
0,0,0.10935232762406676,Low
0,0,0.004751421875774114,Low
1,1,0.9673101414983439,Critical
0,0,0.003766671022832341,Low
0,0,0.004379999011745527,Low
1,1,0.8096585650113483,Critical
0,0,0.01061485822864492,Low
0,0,0.1581675584651549,Low
0,0,0.024034853573362963,Low
1,1,0.9995420168067227,Critical
0,0,0.23712895809907053,Low
0,0,0.012397000746917066,Low
1,1,0.9572391889349988,Critical
1,1,0.9029860612680086,Critical
0,0,0.07061950777709218,Low
0,0,0.003594648332764001,Low
0,0,0.022153768746981807,Low
1,1,0.9079472834090712,Critical
0,0,0.17777175356905364,Low
0,0,0.006676305502562579,Low
1,1,0.632770210111222,High
1,1,0.9176917010951534,Critical
0,0,0.11405372034456024,Low
1,1,0.977107234198027,Critical
0,0,0.021004409547851783,Low
1,1,0.8655300910965954,Critical
0,0,0.002468458987515109,Low
0,0,0.024903869221300393,Low
1,1,0.9874446256588343,Critical
0,0,0.005895976319455193,Low
0,0,0.3662359092161379,Medium
1,1,0.8657581920731552,Critical
1,1,0.9858881258275961,Critical
0,0,0.03956312227330583,Low
1,1,0.7704453917441855,Critical
0,0,0.07315859936966496,Low
0,0,0.3289211259216331,Medium
0,0,0.017935624906766395,Low
0,0,0.019029682261532458,Low
1,1,0.9080912698412698,Critical
0,0,0.04513138838653159,Low
0,0,0.01192547742905661,Low
0,0,0.03501072443430019,Low
1,1,0.9805215794068407,Critical
0,0,0.07486977086406489,Low
0,0,0.005468449985336176,Low
0,0,0.15926185266063808,Low
0,0,0.10470656759866002,Low
0,0,0.15912394313367317,Low
1,1,0.9285692258192256,Critical
1,1,0.8128444343096517,Critical
0,0,0.0524246374674244,Low
1,1,0.9538558892111034,Critical
1,0,0.22359984589838633,Low
1,1,0.9493333333333333,Critical
0,0,0.019609564619148177,Low
0,0,0.004681610599657921,Low
0,0,0.05067085401210881,Low
0,0,0.03935649685945006,Low
1,1,0.8322530292015026,Critical
1,1,0.9526652304966755,Critical
1,1,0.9803525156627537,Critical
0,0,0.015043514475457478,Low
0,0,0.0036292501413148926,Low
1,1,0.8382213121497327,Critical
1,1,0.8711282471938171,Critical
0,0,0.0034173415125913504,Low
1,1,0.9797561868252156,Critical
1,1,0.939317154145339,Critical
0,0,0.010331919515387509,Low
0,0,0.05839845913462574,Low
0,0,0.04322804780504717,Low
0,0,0.10409486980640292,Low
0,0,0.006979944200158049,Low
1,0,0.025650811860968518,Low
0,0,0.02839381637698511,Low
0,0,0.02081666634558708,Low
0,0,0.00822167475613534,Low
0,0,0.012010204121553984,Low
1,1,0.915844084542558,Critical
0,0,0.18962551444776518,Low
0,0,0.06001987038145206,Low
1,1,0.6675786205442822,High
0,0,0.19727739751500642,Low
0,0,0.11060700200175534,Low
0,0,0.01958985188413048,Low
0,0,0.004822768657688581,Low
0,0,0.23374662977843116,Low
0,0,0.02046201653238833,Low
0,0,0.005149291755290855,Low
1,1,0.9512910815053672,Critical
0,0,0.047804751608194335,Low
0,0,0.4055698351137594,Medium
0,0,0.45702867160674304,Medium
0,0,0.025683133866916463,Low
1,1,0.9430973563757962,Critical
0,0,0.005997547563958232,Low
1,1,0.9926364442717056,Critical
0,0,0.003792361090643988,Low
0,0,0.015128018022895146,Low
0,0,0.09949633043349423,Low
1,0,0.44341370202267355,Medium
0,0,0.018240286856492337,Low
0,0,0.00368938163657806,Low
0,0,0.07930703532865337,Low
1,1,0.9637264252600798,Critical
0,0,0.4055760857499988,Medium
1,1,0.9889057097456235,Critical
0,0,0.001776754632206857,Low
0,0,0.031149582562125612,Low
0,0,0.0042440530141238005,Low
0,0,0.0817574033018448,Low
0,0,0.033994202700082854,Low
0,0,0.05231382744738388,Low
1,1,0.9778974361402988,Critical
0,0,0.039278255599665926,Low
0,0,0.048211542172916705,Low
0,0,0.0036014114775826823,Low
0,0,0.033876237540322186,Low
0,0,0.014939360777636222,Low
0,0,0.13091047595164423,Low
0,0,0.011949369825190634,Low
1,1,0.8901787979192411,Critical
1,1,0.9874405675313603,Critical
0,0,0.026802952194392417,Low
0,0,0.015207441164871287,Low
0,0,0.0071161563911214505,Low
0,0,0.15666849111322773,Low
0,0,0.1198056397626001,Low
0,0,0.020402777476313135,Low
1,1,0.8671335498618106,Critical
1,1,0.9296717036607847,Critical
0,0,0.07446892641586028,Low
0,0,0.00625619703245355,Low
0,0,0.017231656568685076,Low
1,1,0.8104209726443768,Critical
0,0,0.018022552897031325,Low
0,0,0.056208413701783824,Low
1,1,0.9145662522694371,Critical
0,0,0.07690471217254032,Low
1,1,0.9823128342245989,Critical
0,0,0.08521758432031802,Low
0,0,0.003311108567307775,Low
0,0,0.019725821988424663,Low
1,1,0.9291335088449731,Critical
1,1,0.9933039215686275,Critical
1,1,0.9457357404500262,Critical
0,0,0.16727325675314933,Low
1,1,0.9589490095590459,Critical
0,0,0.05615675857724442,Low
0,0,0.0149911471026085,Low
1,1,0.6899064706894653,High
0,0,0.012364248184978412,Low
0,0,0.03327622683429851,Low
0,0,0.0078989196141138,Low
0,0,0.00348750267985806,Low
0,0,0.1690791361026689,Low
0,0,0.01194930210293054,Low
0,0,0.01445831115893095,Low
1,1,0.6148325572949326,High
1,1,0.988069993069993,Critical
0,0,0.0037621940395487475,Low
0,0,0.12053787601035264,Low
0,0,0.006717792542966426,Low
0,0,0.18322617447409675,Low
0,0,0.03599406682078739,Low
0,0,0.006366695902764428,Low
0,0,0.004326456347594897,Low
0,0,0.09209562926198027,Low
0,0,0.06317922317675309,Low
0,0,0.031192444475992436,Low
1,1,0.9810656970538996,Critical
1,1,0.9792990142621935,Critical
0,0,0.06222239506018715,Low
1,1,0.8719231051008883,Critical
0,0,0.4686124647914992,Medium
1,1,0.9441714285714287,Critical
1,1,0.9713903000200612,Critical
0,0,0.006958754905922873,Low
0,0,0.06798073096708034,Low
0,0,0.06642100192669238,Low
0,0,0.011581800274590121,Low
0,0,0.002317306718937332,Low
0,0,0.06990671144141068,Low
0,0,0.0029472394886029983,Low
1,0,0.4012713553931395,Medium
1,1,0.7235876393110436,High
0,0,0.09473296042319504,Low
0,0,0.0668848537093954,Low
0,0,0.011368355028836184,Low
0,0,0.04613158790016402,Low
1,1,0.8401154656552887,Critical
0,0,0.011211153100347992,Low
0,0,0.11495423378263897,Low
0,0,0.01355557348848848,Low
0,0,0.19716896259082983,Low
1,1,0.9515795171495172,Critical
1,1,0.8946820373762155,Critical
0,0,0.03914415874302363,Low
0,0,0.010194361248279129,Low
0,0,0.004927817053175056,Low
1,0,0.35104875766970733,Medium
1,1,0.8164708358953336,Critical
0,0,0.0015348347522040312,Low
0,0,0.020905756706902087,Low
1,1,0.9476533264033263,Critical
0,0,0.08567105656896284,Low
1,1,0.9432268551465356,Critical
0,0,0.002544985242830117,Low
0,0,0.3856307193504345,Medium
0,0,0.036736035537089505,Low
0,0,0.06574456085509793,Low
0,0,0.2707695424076539,Medium
1,1,0.7876740739150411,Critical
0,0,0.03634976939908154,Low
0,0,0.03394388518959896,Low
0,0,0.09965777193786385,Low
0,0,0.028327878841885118,Low
0,0,0.17979280541986292,Low
0,0,0.056915638467826296,Low
1,1,0.9794853226710454,Critical
0,0,0.09370694768599766,Low
0,0,0.21346205607770635,Low
0,0,0.00396568857476696,Low
1,1,0.9749865475549682,Critical
1,1,0.9747366597366597,Critical
1,1,0.8740476190476191,Critical
0,0,0.018899943480348482,Low
0,0,0.002144129569996936,Low
0,0,0.0036571404886816413,Low
0,0,0.0028609677700715454,Low
0,0,0.34606591654155744,Medium
0,0,0.3529014946822683,Medium
0,0,0.012497635179096956,Low
0,0,0.3946497945880942,Medium
1,1,0.861355897672637,Critical
0,0,0.003837383834005372,Low
0,0,0.02665867212863258,Low
1,1,0.8055910158134548,Critical
0,0,0.00408282296760993,Low
1,0,0.41901218287940883,Medium
0,0,0.07509213319012259,Low
0,0,0.18786203956557543,Low
1,1,0.7657780304905997,Critical
1,1,0.9943987122901529,Critical
1,1,0.8956713189045847,Critical
0,0,0.059908836501894235,Low
0,0,0.00786050645879629,Low
0,0,0.01650592009899047,Low
0,0,0.08170548622331181,Low
1,1,0.9199046527240152,Critical
0,1,0.5327792965451125,High
1,1,0.6892842984502859,High
0,0,0.004903337429265964,Low
0,0,0.3181711237118767,Medium
0,0,0.009506371147320695,Low
1,1,0.7675876190847546,Critical
1,1,0.8802269965711242,Critical
1,1,0.9857638952520977,Critical
1,1,0.9478316308990018,Critical
1,1,0.6212301390973936,High
1,0,0.17743303377456968,Low
0,0,0.0032955110580676905,Low
0,0,0.0025010865915291104,Low
0,0,0.10540397739738167,Low
1,1,0.6104893486431751,High
1,0,0.11324792840189923,Low
0,1,0.5082523621306231,High
1,1,0.8483224844796853,Critical
1,1,0.9681072844272847,Critical
0,0,0.006837780883282525,Low
0,0,0.008342147036573714,Low
1,1,0.7107659920687054,High
0,0,0.007961563722249217,Low
1,1,0.8262318211492263,Critical
0,0,0.01829185975199374,Low
1,1,0.9860411764705883,Critical
1,1,0.9709948306595365,Critical
1,0,0.009972140640238865,Low
0,0,0.05113417022272086,Low
1,1,0.9813656970538996,Critical
1,1,0.7838710507666695,Critical
0,0,0.05773216656633817,Low
1,1,0.8955176911211393,Critical
0,0,0.3955744159469412,Medium
0,0,0.0234900692585797,Low
0,0,0.013547763821604825,Low
0,0,0.006899798034892846,Low
0,0,0.02131451368051088,Low
1,1,0.9905531109383722,Critical
0,0,0.006724951426769111,Low
1,1,0.9929705882352942,Critical
0,0,0.13541754675814896,Low
0,0,0.1365635206138824,Low
0,0,0.007659539320490708,Low
1,1,0.7973939705215897,Critical
0,0,0.013761361749730321,Low
0,0,0.06918252148067565,Low
1,1,0.9993745098039216,Critical
0,0,0.015517667530333132,Low
0,0,0.0031259905742612158,Low
0,0,0.05593593812647304,Low
1,1,0.6555739063892689,High
0,0,0.01274019593550489,Low
1,1,0.9481699522106255,Critical
0,0,0.0046128025249428705,Low
1,1,0.9474404761904762,Critical
1,1,0.9997323637205662,Critical
1,1,0.9383039215686275,Critical
0,0,0.36423655377642283,Medium
1,1,0.9871688722503772,Critical
0,0,0.0074358485518649054,Low
0,0,0.009922786914319071,Low
0,0,0.020523566819090112,Low
1,1,0.8178736453358516,Critical
1,1,0.976989361176037,Critical
1,1,0.8678432611266089,Critical
0,0,0.01274508767971309,Low
0,0,0.0075302449532682085,Low
1,1,0.7540503663003661,Critical
0,0,0.04864616362575285,Low
0,0,0.07693292096193764,Low
0,0,0.23594825742487294,Low
0,0,0.0032701900625366188,Low
0,0,0.0032665909265865967,Low
0,0,0.028863526761278072,Low
0,0,0.1573050155576386,Low
0,0,0.008948346087172663,Low
1,0,0.31849617335334807,Medium
0,0,0.02984418324205603,Low
0,0,0.1156998039097322,Low
1,1,0.9906053634685427,Critical
0,0,0.06425843253904756,Low
1,1,0.9957049116676373,Critical
1,1,0.9815534657281202,Critical
0,0,0.0019012558030429662,Low
0,0,0.055550309948204,Low
1,1,0.9901928243795003,Critical
1,1,0.9513246046887223,Critical
0,0,0.003354840971648167,Low
0,0,0.013426147061659129,Low
0,0,0.0052870774622200915,Low
1,1,0.9339033264033264,Critical
0,0,0.12715668867362503,Low
1,1,0.8212844398067496,Critical
0,0,0.023007980766652447,Low
0,0,0.001826331006517067,Low
0,0,0.06037020509329058,Low
0,0,0.010316477801790387,Low
0,0,0.035762187958189126,Low
0,0,0.07732764624785439,Low
0,0,0.3040925449006042,Medium
1,1,0.9104170470075552,Critical
0,0,0.033134921254518425,Low
0,0,0.0020570705003324775,Low
1,1,0.6296340487130886,High
1,1,0.9408871712116702,Critical
1,1,0.9007242672237215,Critical
1,0,0.4754121278140886,Medium
0,0,0.004604561445214566,Low
0,0,0.026075861735098016,Low
1,0,0.42733971993747133,Medium
1,1,0.7504951447094967,Critical
0,0,0.03952284147531827,Low
1,1,0.929631093951094,Critical
0,0,0.004906908124743871,Low
0,0,0.016651572669022605,Low
0,0,0.013977164193992359,Low
0,0,0.06390273106552927,Low
0,0,0.011461188551361478,Low
0,0,0.02761102498567217,Low
1,1,0.8326875901875903,Critical
0,0,0.007090792129674771,Low
0,0,0.022152264199618913,Low
1,1,0.9683506872757717,Critical
1,1,0.8425151113104556,Critical
1,1,0.9630336134453781,Critical
1,1,0.8988070508600464,Critical
1,0,0.4605383477318194,Medium
0,0,0.13299984435294177,Low
0,0,0.08086264032561283,Low
0,0,0.003955346460845766,Low
0,0,0.01954494417639275,Low
0,0,0.06355764125323567,Low
1,1,0.7336756510679414,High
0,0,0.005267194704992204,Low
0,0,0.33462612387612384,Medium
0,0,0.466285312319641,Medium
1,1,0.9756981981981981,Critical
0,0,0.22662619417997976,Low
1,1,0.98468,Critical
0,0,0.009927976289946175,Low
0,0,0.009170713777829173,Low
0,0,0.10037529072337747,Low
1,1,0.9411458835486074,Critical
0,0,0.004596620090048527,Low
1,1,0.6568430771545859,High
0,0,0.09755103341834676,Low
0,0,0.07359207496878571,Low
1,1,0.9999705882352942,Critical
1,1,0.9529816133349891,Critical
1,1,0.9774702330618513,Critical
1,1,0.9435527042432195,Critical
1,1,0.9408816842196892,Critical
1,1,0.974365128934869,Critical
1,1,0.9706360126525171,Critical
1,1,0.9899705882352942,Critical
1,1,0.9748673229519886,Critical
0,0,0.1087579994827673,Low
1,1,0.8621532451419546,Critical
0,0,0.2929328298234216,Medium
1,1,0.7200910586282457,High
1,1,0.981133574437093,Critical
0,0,0.295051669192707,Medium
1,1,0.9858753501400561,Critical
0,0,0.3618279590626691,Medium
0,0,0.003130696413767621,Low
1,1,0.5916593708895949,High
0,0,0.007848178283707385,Low
1,1,0.9869430069057326,Critical
1,1,0.8852962509947243,Critical
0,0,0.14230861410037685,Low
0,0,0.00487262136454817,Low
0,0,0.013491495126124823,Low
0,0,0.002689441160727311,Low
1,0,0.30473314602987056,Medium
0,0,0.0117532739504277,Low
0,0,0.05409716370751878,Low
0,0,0.0723927764497914,Low
0,0,0.033791686294384206,Low
1,1,0.9769248522849722,Critical
0,0,0.0069970832644306435,Low
1,1,0.6238861884781266,High
0,0,0.0015827125883959342,Low
1,1,0.9913753501400561,Critical
0,0,0.009759492199445411,Low
0,0,0.23510522599630373,Low
1,0,0.33845815865940976,Medium
0,0,0.2533831911520461,Medium
1,1,0.9167966727580228,Critical
1,1,0.9641024510568427,Critical
0,0,0.047850870222556574,Low
0,0,0.038597381322237063,Low
1,1,0.7060067032997311,High
0,0,0.026677211699618442,Low
0,1,0.5163376393110436,High
0,0,0.0037141690044523684,Low
0,0,0.045826389485464476,Low
0,0,0.014604540058379032,Low
1,1,0.9329795093795095,Critical
1,1,0.9072206392818383,Critical
1,1,0.9923192843804189,Critical
1,0,0.34140993869889946,Medium
0,0,0.015070467950814001,Low
1,1,0.7779162132961833,Critical
0,0,0.03785515594074801,Low
0,0,0.023653006032743843,Low
0,0,0.009864415953145187,Low
0,0,0.11571870167073804,Low
1,1,0.9391747367053748,Critical
1,1,0.9370833333333333,Critical
0,0,0.10983589527699156,Low
0,0,0.32211095261357187,Medium
1,1,0.9517766295707472,Critical
0,0,0.0031705225962210355,Low
0,0,0.09518437383046098,Low
0,0,0.015393643082721167,Low
1,1,0.9670133333333334,Critical
1,1,0.9896942523574316,Critical
0,0,0.018839252219839613,Low
0,1,0.5421996361463934,High
1,1,0.9727836370127512,Critical
1,1,0.5973367003367004,High
0,0,0.1253717635379303,Low
1,1,0.9304609482381432,Critical
0,0,0.17613630404720834,Low
0,0,0.4588936062034427,Medium
1,1,0.9709236641221375,Critical
0,0,0.02159905454581392,Low
0,0,0.07606992937725658,Low
0,0,0.02482278782556646,Low
0,0,0.00589300126699983,Low
1,1,0.6684625689519307,High
0,0,0.07475664971214972,Low
1,1,0.9842504881850958,Critical
0,0,0.03247762358355755,Low
0,0,0.04985968755084359,Low
0,0,0.023373704364442537,Low
1,1,0.9529652710729682,Critical
0,0,0.1270700904554441,Low
1,0,0.4830365450324406,Medium
0,0,0.0032098242313846497,Low
1,1,0.6152689594308735,High
0,0,0.006323705008144367,Low
1,1,0.9660821991775435,Critical
1,1,0.9502286176825089,Critical
1,1,0.744295258528389,High
1,1,0.7480903307888042,High
1,1,0.796200831631133,Critical
0,0,0.09616564126601347,Low
0,0,0.014358255845410988,Low
0,0,0.18175303903862985,Low
1,1,0.999261599296207,Critical
0,0,0.3419424448637822,Medium
1,1,0.7646883784713953,Critical
0,0,0.03570930519417641,Low
0,0,0.029872577916536604,Low
0,0,0.05009219864549402,Low
1,1,0.9581576867268644,Critical
0,0,0.004680451780750643,Low
0,0,0.08107126498054312,Low
0,0,0.13052334464131451,Low
0,0,0.029373621706768837,Low
0,0,0.023865563440915637,Low
0,0,0.08232311435974729,Low
1,1,0.7022982572982573,High
0,0,0.003514665869424435,Low
0,0,0.267048253088088,Medium
0,0,0.021799940777771996,Low
0,0,0.01768916096934985,Low
0,0,0.1687954685522633,Low
0,0,0.1148066942297517,Low
0,0,0.032210364106817296,Low
0,0,0.005007523244516285,Low
1,1,0.8973239097881954,Critical
1,1,0.8774917027417029,Critical
1,1,0.780479797979798,Critical
0,0,0.00758674138757153,Low
0,0,0.014158143202193219,Low
0,0,0.021302035214833745,Low
0,0,0.013007932124086147,Low
1,1,0.9810896358543417,Critical
0,0,0.004186197074851177,Low
0,0,0.06448260059275235,Low
0,0,0.030244974464536386,Low
1,1,0.7975223935651223,Critical
0,0,0.09748933043425781,Low
0,0,0.023190810286135073,Low
0,0,0.0016746767669019666,Low
0,0,0.03524999728543314,Low
0,0,0.04788051323011954,Low
0,0,0.004030278809676877,Low
0,0,0.01199423456836711,Low
0,0,0.07129672613841292,Low
0,0,0.011354005581067089,Low
0,0,0.34975691664015424,Medium
0,0,0.004857169679002754,Low
1,1,0.9648870450621295,Critical
1,1,0.8361222833432994,Critical
0,0,0.41430631097550574,Medium
0,0,0.032847004498537793,Low
0,0,0.012635012343762651,Low
0,0,0.10394874036660484,Low
1,1,0.8519463390265782,Critical
0,0,0.1900972800632018,Low
1,1,0.9508682072829131,Critical
0,0,0.009494783387374871,Low
0,0,0.11920969727861325,Low
1,1,0.728548091793074,High
1,1,0.762050600464049,Critical
1,1,0.7324675268551673,High
1,1,0.5766925145944903,High
0,0,0.053212355791416234,Low
1,1,0.9434797979797981,Critical
0,0,0.0317484838646259,Low
1,1,0.7899062881511325,Critical
0,0,0.02778143354915836,Low
1,1,0.9466179922882254,Critical
0,0,0.0022444478434906633,Low
0,0,0.05731171363096552,Low
0,0,0.010604108327316328,Low
1,1,0.8293169575928576,Critical
0,0,0.030589512837089338,Low
0,0,0.007890346989187714,Low
0,0,0.019997336705647028,Low
0,0,0.003469562986280218,Low
1,0,0.35766704763128176,Medium
0,0,0.021734056703954827,Low
1,0,0.49840043199599726,Medium
0,0,0.14569410314819128,Low
0,0,0.08771732715112261,Low
1,1,0.8929683885685771,Critical
1,1,0.9274934091525359,Critical
0,0,0.07556480898658159,Low
0,0,0.011187920564243456,Low
1,1,0.9915432611564637,Critical
0,0,0.17463734951668453,Low
1,1,0.9702325701939201,Critical
1,1,0.9911323475955268,Critical
1,1,0.9711025641025641,Critical
0,0,0.012807599017815443,Low
1,1,0.9964371095002886,Critical
0,0,0.012672780433695645,Low
0,0,0.03191588459934715,Low
0,0,0.0267983230424547,Low
0,0,0.0040903499033543775,Low
1,1,0.7186959609859153,High
1,1,0.9440109657094391,Critical
1,1,0.8128619398166969,Critical
0,0,0.02982044731931916,Low
0,0,0.07185811995167031,Low
0,0,0.0976379392553568,Low
1,1,0.9862086834733894,Critical
0,0,0.017727180341472363,Low
1,1,0.9995705882352941,Critical
0,0,0.06789274111762579,Low
0,0,0.012502362857359532,Low
1,1,0.9339551956536688,Critical
0,0,0.008614873437990077,Low
1,1,0.8583413329252734,Critical
1,0,0.36402392127848704,Medium
0,0,0.09316575916474276,Low
0,0,0.09188849317135679,Low
0,0,0.012551308683691625,Low
1,1,0.8920030855741018,Critical
0,0,0.3803476920141761,Medium
0,0,0.060065009142476165,Low
0,0,0.06531733014188391,Low
1,1,0.9971112973241664,Critical
0,0,0.11788629937479447,Low
1,1,0.9972986160813017,Critical
1,1,0.5006050061050061,High
0,0,0.4558214285714286,Medium
0,0,0.009229359402916242,Low
1,1,0.9087658682434433,Critical
0,0,0.0276636879843168,Low
1,1,0.7830363157787835,Critical
0,0,0.0027724897251302765,Low
0,0,0.004135645650340398,Low
1,1,0.8265123673325396,Critical
0,0,0.007256288842712186,Low
0,0,0.008170593630457943,Low
0,0,0.010546323678578638,Low
0,0,0.040233855454530995,Low
0,0,0.19756292339957077,Low
0,0,0.01027271584288363,Low
1,1,0.5019451753823103,High
0,0,0.01723384391228495,Low
1,1,0.9998942523574316,Critical
0,0,0.02516502169268125,Low
1,1,0.8150006326582361,Critical
0,0,0.34168460292702735,Medium
1,1,0.8178657751290944,Critical
0,0,0.020126992207786312,Low
0,0,0.005898745735193291,Low
0,0,0.0034477787773119495,Low
0,0,0.009131851618523245,Low
0,0,0.003051700307718546,Low
0,0,0.014195229892362498,Low
1,1,0.9842194292260651,Critical
0,0,0.0031975846469061236,Low
0,0,0.058277495365256754,Low
0,0,0.0023410100976352993,Low
1,0,0.41077529391432477,Medium
0,0,0.4725355465417017,Medium
0,0,0.003230014708292503,Low
0,0,0.015743709679205638,Low
1,1,0.9931124088510858,Critical
1,1,0.8352656954199331,Critical
0,0,0.020086434831314046,Low
1,1,0.9837763906200437,Critical
1,1,0.9995420168067227,Critical
0,0,0.13781264873275956,Low
1,1,0.9350134212890343,Critical
0,0,0.08017324752359825,Low
0,0,0.010828094071488482,Low
0,0,0.008182046570484417,Low
0,0,0.20095766657045566,Low
0,0,0.0018509440250424338,Low
1,1,0.9606552587927082,Critical
0,0,0.03016993369717555,Low
0,0,0.06666686248598641,Low
0,0,0.05325127322836092,Low
1,0,0.2651885862632662,Medium
0,0,0.033950335828088235,Low
0,0,0.01530468569876594,Low
0,0,0.017937605064313987,Low
0,0,0.010971202060456636,Low
1,1,0.9732595499738356,Critical
1,1,0.7628520991608493,Critical
0,0,0.04726097341322328,Low
1,1,0.5405477531467324,High
0,0,0.03801675799931205,Low
1,1,0.982989361176037,Critical
0,0,0.054790375005522814,Low
0,0,0.0040725544922551385,Low
0,0,0.019270391121350296,Low
1,1,0.9090897588226676,Critical
0,0,0.10382387802601199,Low
0,0,0.023875019444532998,Low
0,0,0.020693585248148582,Low
1,1,0.5743368386685027,High
0,0,0.01510928651056409,Low
1,1,0.9018895886533228,Critical
1,1,0.9947665066026411,Critical
0,0,0.09365690997457021,Low
1,1,0.7831411169377689,Critical
0,0,0.015254709348948675,Low
1,1,0.8142634010125789,Critical
0,0,0.1492668185371182,Low
1,1,0.854697848331514,Critical
1,1,0.9994942523574315,Critical
1,0,0.42826733458861277,Medium
1,1,0.9781484388627247,Critical
0,0,0.008203182375486544,Low
0,0,0.01570463364691038,Low
1,1,0.9094721959756327,Critical
0,0,0.08383627765769364,Low
0,0,0.05877046901275552,Low
1,1,0.9048496041685503,Critical
1,1,0.9423900533771983,Critical
1,1,0.848904761904762,Critical
0,0,0.019854797714967228,Low
1,1,0.9755356086022816,Critical
0,0,0.012732848003347407,Low
1,1,0.9999705882352942,Critical
0,0,0.002101185712509319,Low
1,1,0.9698550972700292,Critical
1,1,0.6156855060328358,High
0,1,0.5368332543988059,High
1,1,0.9089782096694222,Critical
0,0,0.0028299989470203803,Low
1,1,0.9054704440102672,Critical
1,1,0.9508814122941713,Critical
0,0,0.05848175101735871,Low
1,1,0.9698103251921484,Critical
1,1,0.9508563675156327,Critical
0,0,0.14245428713109487,Low
0,0,0.020246631226826614,Low
1,1,0.941236227824463,Critical
1,0,0.3978607368822374,Medium
1,1,0.8739152371154516,Critical
1,1,0.9930998399359744,Critical
0,0,0.006737958887186835,Low
1,0,0.2035285620968304,Low
0,0,0.01040088642325458,Low
0,0,0.001331591359268359,Low
0,1,0.6208568376068376,High
0,0,0.022677420815386054,Low
0,0,0.03756569433965276,Low
0,0,0.043162836137959106,Low
1,1,0.9768164892708512,Critical
0,0,0.05043860982980769,Low
0,0,0.08342450504507001,Low
0,0,0.012510759578711773,Low
0,0,0.014675901936008236,Low
0,0,0.1431594419752648,Low
0,0,0.0776634498676123,Low
0,0,0.11718982859860416,Low
1,1,0.9942914917542174,Critical
0,0,0.05057241617871028,Low
0,0,0.022518790555439733,Low
0,0,0.3417142857142857,Medium
1,1,0.8908956718441452,Critical
0,0,0.011025498432782506,Low
0,0,0.2439274387933606,Low
0,0,0.0349098394778379,Low
0,0,0.010721754749489,Low
0,0,0.006251837551726707,Low
0,1,0.5116636553308003,High
0,0,0.007762315588589372,Low
0,0,0.015639027559240393,Low
0,0,0.009140384638606187,Low
1,1,0.9113989330953237,Critical
1,1,0.9682374235113813,Critical
1,1,0.9033887096774192,Critical
1,1,0.7494052348010949,High
0,0,0.007637171489294306,Low
0,0,0.4615080376622743,Medium
0,0,0.044553001042978414,Low
0,0,0.07749162293964479,Low
1,1,0.9990656809288601,Critical
0,0,0.00617427537953648,Low
1,1,0.7760555555555555,Critical
0,0,0.04502469657197881,Low
1,1,0.9884372549019608,Critical
0,0,0.0020803935657870837,Low
0,0,0.005497296822729904,Low
0,0,0.017237920425167877,Low
0,0,0.18222253077018863,Low
0,0,0.07001858153917145,Low
0,0,0.03906828634969898,Low
1,1,0.5443116739375121,High
0,0,0.011933785078536603,Low
0,0,0.006350856239514383,Low
0,0,0.01635984533919426,Low
1,0,0.45717227073033007,Medium
0,0,0.009442110971306556,Low
0,0,0.06335221261738061,Low
0,0,0.003576968250858219,Low
0,0,0.004593045342091393,Low
1,1,0.8965800405144319,Critical
0,0,0.0026571643395669193,Low
0,0,0.07656198512724004,Low
1,1,0.8309961655748972,Critical
0,1,0.5064124640517881,High
0,0,0.012134645821023195,Low
0,0,0.299303266697335,Medium
1,1,0.9583998401264683,Critical
0,0,0.005163562552935271,Low
1,1,0.9994656809288601,Critical
0,0,0.004395884463474692,Low
0,0,0.020473736322204495,Low
0,0,0.006256724013574289,Low
1,1,0.9948055619187645,Critical
0,0,0.008457500854760346,Low
1,1,0.9754110578400639,Critical
1,1,0.8687250501927991,Critical
0,0,0.005591165163134591,Low
0,0,0.007826029671508646,Low
0,0,0.016120501690415418,Low
0,0,0.10208575731469516,Low
1,1,0.9997665066026411,Critical
1,1,0.5450597298428762,High
0,0,0.003484054955674014,Low
0,0,0.11178040966252129,Low
1,1,0.9338632507706639,Critical
0,0,0.041370530841180114,Low
1,1,0.7788107242897159,Critical
0,0,0.011474587060897634,Low
1,1,0.803872549019608,Critical
0,1,0.7320165803779239,High
0,0,0.25402418465065835,Medium
0,0,0.025030755386417036,Low
0,1,0.5509215117128368,High
0,0,0.03776770857285217,Low
1,1,0.9903226945093703,Critical
1,1,0.7437284050825717,High
0,0,0.010168952239851698,Low
0,0,0.002045340660306479,Low
0,0,0.007686398596470553,Low
0,0,0.003058518844221814,Low
0,0,0.02047864621768122,Low
0,0,0.02955707816211548,Low
0,0,0.0074896847457231195,Low
0,0,0.24148877896555807,Low
0,0,0.2068247242319099,Low
0,0,0.003274436991316138,Low
1,1,0.970348513598988,Critical
0,0,0.035421652713051685,Low
1,1,0.9763925850340136,Critical
0,0,0.007596486849781165,Low
0,0,0.29045770481474714,Medium
1,1,0.6209938262262943,High
1,1,0.9590147285479077,Critical
1,1,0.9900816326530613,Critical
0,0,0.1289961982844727,Low
0,0,0.03687371714089701,Low
1,1,0.9551034472086612,Critical
0,0,0.13366071606162513,Low
0,0,0.012324687432560225,Low
0,0,0.2686438658893994,Medium
0,0,0.010436469317568703,Low
1,1,0.8893969126111982,Critical
0,0,0.11648069708215888,Low
0,0,0.14897139064510662,Low
0,0,0.0034323692765405047,Low
0,0,0.021589409677660563,Low
0,0,0.010001415265746699,Low
0,0,0.0016872386527036366,Low
0,0,0.0351797092903109,Low
1,1,0.8493459111129639,Critical
0,0,0.11158701363863305,Low
0,0,0.03623573275841085,Low
1,1,0.9023915977315368,Critical
1,1,0.9309545028337949,Critical
0,0,0.031069308392854232,Low
0,0,0.007337885434882595,Low
0,0,0.017678727755491674,Low
1,1,0.8455037107153491,Critical
1,1,0.9889608342212984,Critical
1,1,0.9201258503401362,Critical
0,0,0.06649690273673176,Low
1,1,0.9999705882352942,Critical
0,0,0.04626519111037166,Low
0,0,0.07001479717370923,Low
0,0,0.36739337405427536,Medium
1,1,0.9852117662949054,Critical
0,0,0.41969150684036427,Medium
1,1,0.977124378236143,Critical
0,0,0.03149037916810385,Low
0,0,0.42620416588831617,Medium
0,0,0.09068021802979334,Low
0,0,0.0028811838727662185,Low
1,1,0.9553189223057644,Critical
0,0,0.042699363110529076,Low
1,1,0.9994656809288601,Critical
1,1,0.6737774342442827,High
1,1,0.9743575666788457,Critical
0,0,0.1948205188901491,Low
0,0,0.007974221852255811,Low
0,0,0.3543402761334097,Medium
1,1,0.946455409191666,Critical
1,1,0.8585960646027511,Critical
0,0,0.06337026330642191,Low
1,1,0.9023483450013705,Critical
0,0,0.13958092567962999,Low
0,0,0.024012166855559614,Low
0,0,0.004722084013631586,Low
1,1,0.9656630749549923,Critical
0,0,0.07187635554075945,Low
1,1,0.963832866786804,Critical
1,1,0.9944723889555823,Critical
1,1,0.9825205882352941,Critical
0,0,0.3200052288890852,Medium
0,0,0.05293510085670825,Low
0,0,0.021587401521595596,Low
0,0,0.004962527369032966,Low
0,0,0.2803775177940522,Medium
1,1,0.9697499999999999,Critical
0,0,0.3228195846309725,Medium
0,0,0.09425592048505024,Low
0,0,0.21918856206552992,Low
0,0,0.3694979723341793,Medium
0,0,0.03298124672691627,Low
0,0,0.031142138079753676,Low
1,1,0.8224933929458106,Critical
0,0,0.01989126635047218,Low
1,1,0.9987323637205663,Critical
1,1,0.9206036323364303,Critical
0,0,0.007310226990253554,Low
1,1,0.6437579203202587,High
0,0,0.03925822094611737,Low
1,1,0.8462802233801742,Critical
0,0,0.044248878103107646,Low
1,1,0.8732170636404613,Critical
1,1,0.9216287923272656,Critical
1,1,0.8299734948683031,Critical
1,1,0.8582617484141872,Critical
0,0,0.03126052844315817,Low
0,0,0.03777876625427703,Low
0,0,0.022545032755237185,Low
0,0,0.045987207061565075,Low
1,1,0.970850366866748,Critical
0,0,0.1180772694682116,Low
1,0,0.42372859702108473,Medium
0,0,0.06685372048383838,Low
1,1,0.5525714285714285,High
0,0,0.038428256492060525,Low
1,1,0.9705548247511915,Critical
1,1,0.710406227633401,High
0,0,0.003732131877519985,Low
0,0,0.00701612970979251,Low
1,1,0.614410324428774,High
0,0,0.09888026329375277,Low
0,0,0.005252183646729488,Low
0,0,0.010587767209010389,Low
0,0,0.2200952380952381,Low
0,0,0.07613728879789088,Low
0,0,0.006540253323184988,Low
0,0,0.0042798035678691,Low
0,0,0.013015117818597668,Low
1,1,0.9997323637205662,Critical
0,0,0.004195595297017508,Low
1,1,0.9994423201140182,Critical
0,0,0.1432392203018198,Low
0,0,0.2904703553912507,Medium
0,0,0.011102995032916665,Low
0,0,0.008580299465236068,Low
0,0,0.05562814004317954,Low
0,0,0.04827947927838523,Low
0,0,0.058451950629157555,Low
0,0,0.3661860831865902,Medium
1,1,0.9359392540148705,Critical
0,0,0.4303642585018989,Medium
0,0,0.026113160407728625,Low
1,1,0.910847157265468,Critical
0,0,0.04984131045216201,Low
0,0,0.03262938366921464,Low
1,1,0.9010300747818732,Critical
0,0,0.007698508520339007,Low
1,0,0.18676667606228786,Low
1,0,0.06411472210791817,Low
0,0,0.008421244329020717,Low
0,0,0.01926157483552108,Low
0,0,0.010483619887859166,Low
0,0,0.02865652449758362,Low
0,0,0.04773795102315846,Low
1,1,0.9383765529045784,Critical
0,0,0.13781197640910958,Low
0,0,0.20304225011850882,Low
1,1,0.8345992063492063,Critical
1,1,0.9180834165856895,Critical
0,0,0.016861727491740967,Low
0,0,0.0824318233876047,Low
0,0,0.08112231148524175,Low
0,0,0.008105370021390487,Low
0,0,0.020328298619084573,Low
0,0,0.301169353459552,Medium
1,1,0.8587132173851875,Critical
0,0,0.004695360886812723,Low
0,0,0.005438821480669642,Low
0,0,0.0060343294936546655,Low
0,0,0.036840756198108636,Low
1,1,0.5422625416882457,High
1,1,0.9999705882352942,Critical
1,1,0.9465951815823265,Critical
0,0,0.13457498108980398,Low
0,1,0.5286558276587254,High
0,0,0.1395014031538787,Low
0,0,0.43072916756822316,Medium
0,0,0.025114607299935424,Low
1,1,0.515313314045783,High
0,0,0.006905882256381863,Low
0,0,0.0725105649238626,Low
0,0,0.005692880416922721,Low
0,0,0.006890156500285069,Low
0,0,0.04787035406265746,Low
1,1,0.721810792030162,High
1,1,0.8776639871583743,Critical
1,1,0.8630368307016535,Critical
0,0,0.003623112109548755,Low
0,0,0.029444180636156173,Low
0,0,0.025895799641043275,Low
0,0,0.0027930093747290247,Low
1,1,0.8159165635813713,Critical
0,0,0.049118143091501504,Low
0,0,0.001719545786790273,Low
0,0,0.039232425846713756,Low
0,0,0.0031263580424865205,Low
1,1,0.9662764008044264,Critical
0,0,0.005669727893346289,Low
0,0,0.0852052524541682,Low
0,0,0.03090169974252481,Low
0,0,0.10918126904644294,Low
1,1,0.9485561011724019,Critical
1,1,0.9919705882352942,Critical
1,1,0.8271920439663139,Critical
1,1,0.9998942523574316,Critical
0,0,0.01649027690364059,Low
1,1,0.8662509715896811,Critical
0,0,0.1095462273831053,Low
0,0,0.035488193677020365,Low
1,1,0.9999705882352942,Critical
0,0,0.0040804359787745366,Low
1,1,0.9461510318623146,Critical
0,0,0.10765511950966594,Low
0,0,0.009862041164677204,Low
1,1,0.9783773765115804,Critical
1,1,0.9448552304174368,Critical
0,0,0.0077171561438566984,Low
0,0,0.026410682860861276,Low
0,0,0.018899847108562434,Low
0,0,0.42037628816611106,Medium
0,0,0.021855901084438044,Low
1,1,0.9679373883524702,Critical
0,0,0.019928592534179744,Low
1,1,0.9690816815581291,Critical
0,0,0.007773518232269311,Low
0,0,0.008275855636403078,Low
1,1,0.9999705882352942,Critical
0,0,0.03259480366835723,Low
0,0,0.1045581594770601,Low
0,0,0.001747504552156486,Low
1,1,0.9315678908335141,Critical
1,1,0.9863629980044385,Critical
0,0,0.006246674724516275,Low
0,0,0.09517329254630326,Low
0,0,0.005155168294983953,Low
1,0,0.43164460020665535,Medium
1,1,0.586860466875173,High
0,0,0.01063142802725322,Low
0,0,0.03770700667448681,Low
0,0,0.05231712134024751,Low
1,0,0.4727431524241077,Medium
1,1,0.6411694564707062,High
0,0,0.29994380328383036,Medium
0,0,0.0037187734570874797,Low
0,0,0.013535594465985528,Low
1,1,0.9060385434173669,Critical
0,0,0.14922324900461523,Low
1,1,0.9284031965143762,Critical
0,1,0.5103594532207362,High
0,0,0.025501485658644095,Low
0,0,0.042568625318282025,Low
0,0,0.005502284105212326,Low
0,0,0.014831979229322308,Low
1,0,0.4648203084321011,Medium
0,0,0.011364549330454688,Low
0,0,0.012520633090294877,Low
0,0,0.060397821996755946,Low
1,1,0.879086795701963,Critical
1,1,0.9972745098039216,Critical
0,0,0.013355581875742673,Low
1,1,0.9675850740934332,Critical
0,0,0.0047384843169139415,Low
0,0,0.1495314438925341,Low
1,1,0.8801992270576955,Critical
1,1,0.9754303360219541,Critical
1,1,0.8360722290184516,Critical
0,0,0.0041602995874072644,Low
0,0,0.49926857301897715,Medium
1,1,0.8674078444700508,Critical
0,0,0.035194581909803506,Low
0,0,0.016618609153821226,Low
0,0,0.14123122933760662,Low
0,0,0.01821624507638401,Low
0,0,0.31414830050408615,Medium
1,1,0.5143990432200594,High
0,0,0.006556535601300883,Low
0,0,0.01422870821505963,Low
0,0,0.17325922569684515,Low
1,1,0.5038870452394151,High
0,0,0.0768402161295326,Low
0,0,0.023416637616609785,Low
1,1,0.8973774402790984,Critical
1,0,0.43879307798085376,Medium
1,1,0.7168504140786749,High
1,1,0.9791500160181376,Critical
0,0,0.09376218755710956,Low
1,1,0.951563025210084,Critical
0,0,0.1941456698739981,Low
1,1,0.9070299114482223,Critical
1,1,0.8275479364325183,Critical
1,1,0.9200369930991994,Critical
1,1,0.758067615760619,Critical
0,0,0.002146518890885263,Low
0,0,0.025743763009320745,Low
1,1,0.9133189744366215,Critical
1,1,0.9992809330628803,Critical
0,0,0.08014405692258605,Low
0,0,0.09989903609823989,Low
0,0,0.005105798867522575,Low
1,1,0.5435279418762103,High
1,0,0.47549234734810475,Medium
0,0,0.007762195523040444,Low
0,0,0.010646982480849863,Low
1,1,0.9887745098039216,Critical
1,1,0.7611574364481339,Critical
0,0,0.011849758816436646,Low
0,0,0.018905353582559955,Low
0,0,0.013557443506936329,Low
0,0,0.013707051071392742,Low
0,0,0.010861443222881835,Low
1,1,0.7715709995709996,Critical
1,1,0.9753966666666666,Critical
0,0,0.01089285795520464,Low
1,1,0.9986287630841811,Critical
0,0,0.0037784258081254244,Low
0,0,0.12958655867413169,Low
0,0,0.055044875506250056,Low
0,0,0.02919478210790725,Low
1,1,0.9927763402390659,Critical
1,1,0.9975261577128335,Critical
0,0,0.032846946492331865,Low
0,0,0.047793450178072766,Low
1,1,0.8172238179214769,Critical
0,0,0.08916749770764416,Low
0,0,0.02440878999038817,Low
1,1,0.7000087383881427,High
0,0,0.04383772687025503,Low
0,0,0.011062103038955393,Low
0,0,0.009073233540787533,Low
1,1,0.9881044811209856,Critical
0,0,0.054582198741007,Low
0,0,0.17588774735582702,Low
1,1,0.8011934810256502,Critical
0,0,0.028772162987863652,Low
1,1,0.9492777777777778,Critical
0,0,0.023155915793845197,Low
1,0,0.44700099723260317,Medium
0,0,0.21217266297284787,Low
0,0,0.0064255707607143685,Low
0,0,0.17033250963671473,Low
0,0,0.0453114101428152,Low
1,1,0.967214751558905,Critical
1,1,0.9921791596638656,Critical
0,0,0.14002611104662763,Low
0,0,0.014161737025134034,Low
1,1,0.9993960530777195,Critical
1,1,0.9713326899396576,Critical
0,0,0.022347963288140486,Low
0,0,0.020574999378077264,Low
0,0,0.0037559638157892584,Low
1,1,0.9743121718792657,Critical
0,0,0.14183847750215453,Low
0,0,0.05418112827963989,Low
0,0,0.09395548070870748,Low
1,1,0.5167700237343095,High
0,0,0.30864988396951415,Medium
0,0,0.03187134937986649,Low
0,0,0.005734691080301574,Low
0,0,0.014662254314282783,Low
0,0,0.029821274048146516,Low
0,0,0.04220767747244473,Low
0,0,0.3072828375152421,Medium
0,0,0.09086592874194506,Low
0,0,0.02272498130976195,Low
1,0,0.41765329918552785,Medium
1,1,0.9913410644257705,Critical
0,0,0.15257365591035218,Low
1,1,0.9545768049155147,Critical
0,0,0.02001246612563081,Low
0,0,0.14838356542791997,Low
0,0,0.005089748758882304,Low
0,0,0.005591713324117517,Low
1,0,0.05646563848809004,Low
1,1,0.9897323637205662,Critical
1,1,0.7446397595481673,High
0,0,0.01473072293046505,Low
0,0,0.0522751368186717,Low
0,0,0.004890414304945316,Low
0,0,0.07397064658237412,Low
0,0,0.07796786383991214,Low
0,0,0.08663330628149342,Low
0,0,0.01597126372531327,Low
0,0,0.03161289594465118,Low
1,1,0.9737287285407195,Critical
1,1,0.5387827854095728,High
1,1,0.696667170319433,High
0,0,0.02930570556760024,Low
0,0,0.2419074241541939,Low
0,0,0.02688661260857932,Low
1,1,0.5924153182827342,High
0,0,0.04969583757239752,Low
0,0,0.0031775423540674297,Low
1,1,0.9527153630683043,Critical
0,0,0.006639584256366944,Low
0,0,0.0033812374816271544,Low
0,0,0.244904452690167,Low
0,0,0.011630371849805943,Low
0,0,0.10832834984869219,Low
0,0,0.05093318885247705,Low
0,0,0.04576818703102057,Low
0,0,0.10527567671232065,Low
1,1,0.5714411968450335,High
0,0,0.015539801261809287,Low
0,0,0.015440861082496997,Low
0,0,0.3387862621249718,Medium
1,1,0.9457122906420351,Critical
0,0,0.0336693814511806,Low
0,0,0.030447750452365883,Low
1,1,0.6333164100987068,High
1,1,0.942298496536474,Critical
0,1,0.6254964921271856,High
1,1,0.9565315315315316,Critical
0,0,0.42106368851170844,Medium
0,0,0.036206382098449834,Low
0,0,0.3564522475330949,Medium
0,0,0.025884434040035056,Low
1,1,0.782581527560519,Critical
0,0,0.00480587311294861,Low
0,0,0.030191063299825863,Low
1,1,0.974675479044977,Critical
1,1,0.9071437273049263,Critical
0,0,0.005830190315001979,Low
0,0,0.12714323557232388,Low
0,0,0.013024232991474673,Low
1,1,0.9673136608631586,Critical
1,1,0.9997503674653453,Critical
1,1,0.9487711579955941,Critical
0,0,0.0018625171747245007,Low
0,0,0.020102544321299168,Low
0,0,0.15576882396155928,Low
0,0,0.009989045799012095,Low
0,0,0.0319855805201745,Low
1,1,0.9178064712261613,Critical
0,0,0.20780372278908998,Low
0,0,0.05846602355720559,Low
1,1,0.9379676197068931,Critical
0,0,0.03791292223125988,Low
1,1,0.5926657588114315,High
0,0,0.029971008331421727,Low
0,0,0.07864342206536323,Low
0,0,0.005696156870630634,Low
0,0,0.009339524766382832,Low
1,1,0.9717992807470133,Critical
0,0,0.0023293258400421198,Low
0,0,0.0842857115349365,Low
0,0,0.022686241132782777,Low
0,0,0.19050608882021502,Low
1,1,0.6744229213813717,High
0,0,0.02286489623401873,Low
1,1,0.9323396638319746,Critical
1,1,0.8444880584629822,Critical
0,0,0.016141989732728877,Low
1,1,0.5717732380081882,High
0,0,0.004414457407612005,Low
0,0,0.06372872080529651,Low
0,0,0.27308347197645805,Medium
1,1,0.868625850340136,Critical
1,1,0.9610309056956114,Critical
0,0,0.008704520211768867,Low
1,0,0.20110152628729136,Low
0,0,0.23745696443693506,Low
0,0,0.07254028427045184,Low
0,0,0.16030040675070878,Low
1,1,0.7395287555581673,High
0,0,0.010868583627165345,Low
0,0,0.03132555032546463,Low
0,0,0.020022356722534024,Low
0,0,0.015123170257816709,Low
0,0,0.19227244639572905,Low
0,0,0.04770792968093822,Low
1,1,0.9566547619047618,Critical
0,0,0.00818815451571199,Low
0,0,0.004284788826069791,Low
0,0,0.05783530583416934,Low
1,1,0.9735704281712685,Critical
1,1,0.7080714285714285,High
0,0,0.2389571644947643,Low
1,1,0.7968197388374878,Critical
0,0,0.008851885611689427,Low
0,0,0.230553922803327,Low
0,0,0.011140926410233223,Low
0,0,0.020024816772943373,Low
0,0,0.045792838572322074,Low
1,1,0.9064368247552455,Critical
1,1,0.8826449748564391,Critical
1,1,0.989366506602641,Critical
0,0,0.0032104053311371008,Low
0,0,0.041193303935173835,Low
1,1,0.9450713012477717,Critical
0,0,0.02041934356717701,Low
0,0,0.37283223017710176,Medium
0,0,0.18892190333705483,Low
1,1,0.9290056462088312,Critical
0,0,0.06639129490107427,Low
0,0,0.2818819088768093,Medium
1,1,0.994007731092437,Critical
0,0,0.04460447486458592,Low
0,0,0.0028911553452496013,Low
0,0,0.009449142555258576,Low
0,0,0.0045955588836463215,Low
1,1,0.9271578770012217,Critical
0,0,0.007083397247856305,Low
0,0,0.0058420421357027585,Low
1,1,0.9865388638053042,Critical
1,1,0.691058138713514,High
1,1,0.7989741314847697,Critical
0,0,0.004739070419827719,Low
0,0,0.017045773773965517,Low
1,1,0.9146944480521451,Critical
1,1,0.8111092661519947,Critical
0,0,0.04326327852792104,Low
0,0,0.008368871187974554,Low
0,0,0.4124718513067874,Medium
1,1,0.8859092536420351,Critical
0,0,0.025745186264610725,Low
0,0,0.027863324708096535,Low
0,0,0.24186687047173938,Low
1,1,0.5141915965231505,High
1,1,0.5995701267321109,High
0,0,0.16666379123897365,Low
1,1,0.7565873015873015,Critical
1,1,0.9961323475955268,Critical
0,0,0.005037992143552208,Low
0,0,0.14365315082578578,Low
0,0,0.008684066722230557,Low
1,1,0.7601397410061201,Critical
0,0,0.03281271707013382,Low
0,0,0.01642753367755625,Low
1,1,0.9702182050274584,Critical
0,0,0.0098531111842069,Low
1,1,0.7862474458734766,Critical
0,0,0.018544515477460163,Low
0,0,0.029488562760287704,Low
1,1,0.6631877440679539,High
1,1,0.8972174933787609,Critical
0,0,0.004378420082329223,Low
1,1,0.9177549614832223,Critical
1,0,0.2708916820303973,Medium
0,0,0.01224274031096695,Low
1,1,0.9873953878581134,Critical
0,0,0.004148460930695838,Low
0,0,0.004916905506277627,Low
0,0,0.01685934302272945,Low
1,1,0.9840609190240983,Critical
1,1,0.9591656751234082,Critical
0,0,0.1970157615033167,Low
0,0,0.024580118482869596,Low
0,0,0.012426840346838124,Low
0,0,0.0027441449330061047,Low
1,1,0.9844297862003808,Critical
1,1,0.8864236641221374,Critical
0,0,0.08736194194115807,Low
1,1,0.9787205882352942,Critical
0,0,0.03703382393086166,Low
1,1,0.8217118447690485,Critical
1,1,0.9743763439347032,Critical
0,0,0.0025489029260015745,Low
0,0,0.015933990483674554,Low
1,1,0.8838655495904737,Critical
0,0,0.03308793460655433,Low
0,0,0.01143671882339752,Low
0,0,0.007943308071418126,Low
0,0,0.007448158607212366,Low
0,0,0.00395428699974171,Low
1,1,0.9916220126639135,Critical
1,1,0.8915023689048079,Critical
0,0,0.05067591431978771,Low
1,1,0.9638033930303052,Critical
0,0,0.010032210793012128,Low
1,1,0.9966560278427036,Critical
1,1,0.9895714285714285,Critical
0,0,0.07741458502823843,Low
1,1,0.8105952138346076,Critical
0,0,0.008347254461781665,Low
0,0,0.023008832738659737,Low
1,1,0.9141190825213252,Critical
0,0,0.01174581222424172,Low
0,0,0.05262722025773811,Low
0,0,0.09160714405273998,Low
1,1,0.854555723487758,Critical
0,0,0.10024266116956985,Low
0,0,0.007258352630408555,Low
1,1,0.7215600073447993,High
1,1,0.9877903397880893,Critical
0,0,0.006611124017760448,Low
0,0,0.01632704823810685,Low
0,0,0.019154332166585616,Low
0,0,0.003006035586399351,Low
0,0,0.21839412426731034,Low
1,1,0.941608340336996,Critical
1,1,0.8697904134904135,Critical
0,0,0.2003922477839028,Low
0,0,0.00932635260713507,Low
1,1,0.7978925518925518,Critical
0,0,0.012796851619223271,Low
1,1,0.8822128369410978,Critical
0,0,0.11447610585311581,Low
0,0,0.00798118896055915,Low
1,1,0.6869430641821945,High
0,0,0.017415654710125163,Low
1,1,0.8657511155909385,Critical
0,0,0.0028517475838519706,Low
0,0,0.010779721087798344,Low
1,1,0.9899356676003734,Critical
0,0,0.004522037764069239,Low
1,1,0.9807261904761906,Critical
0,0,0.2563419575616901,Medium
0,0,0.17195597675999175,Low
1,1,0.9192663304561205,Critical
0,0,0.0027925797167089378,Low
0,0,0.15300511615296505,Low
0,0,0.13037800716603298,Low
0,0,0.08053672674531413,Low
0,0,0.01253044396376293,Low
1,1,0.9474187929717341,Critical
1,1,0.7155464359754751,High
1,1,0.8992195496111144,Critical
1,1,0.8527624281215113,Critical
1,1,0.9089011368035758,Critical
1,1,0.9483865144171527,Critical
0,0,0.08163139141435445,Low
1,1,0.9718057965799874,Critical
1,1,0.7702481628102744,Critical
0,0,0.1886907166538356,Low
0,0,0.2556270339864554,Medium
0,0,0.02515048580894186,Low
0,0,0.01821335391424119,Low
1,1,0.680787784816602,High
0,0,0.011497410151893619,Low
0,0,0.14251078364040354,Low
1,1,0.9976942523574316,Critical
0,0,0.07549130459723835,Low
0,0,0.23250863498203922,Low
0,0,0.0010048427577671036,Low
1,1,0.9760848732778484,Critical
1,1,0.9334564238594493,Critical
0,0,0.06746712840486047,Low
1,1,0.9860772972167591,Critical
0,0,0.007396292104356669,Low
1,1,0.8589673713588002,Critical
1,1,0.9588927165852631,Critical
1,1,0.7769995579387884,Critical
0,0,0.022328801822082786,Low
1,1,0.9484727220533603,Critical
1,1,0.9529909243697481,Critical
0,0,0.027993693318743715,Low
1,1,0.9558218336565395,Critical
0,0,0.0206057454691153,Low
1,1,0.9801634453781513,Critical
0,0,0.04232011374774269,Low
1,1,0.8983434898833127,Critical
0,0,0.044509479174479866,Low
0,0,0.009287927231164738,Low
0,1,0.6660072719379135,High
0,0,0.04939468514678598,Low
0,0,0.01090644908352264,Low
0,0,0.006515814667844524,Low
0,0,0.06279543413003501,Low
0,0,0.08378219584515445,Low
0,0,0.005663624796049932,Low
1,1,0.9454997869097258,Critical
0,0,0.0989190746571242,Low
1,1,0.9425182661171394,Critical
1,1,0.9872668013770394,Critical
1,0,0.49170225712927645,Medium
0,0,0.02232732070344813,Low
1,1,0.9868843147606187,Critical
0,0,0.024836776049551992,Low
0,0,0.23558473582682582,Low
0,0,0.009759345140539359,Low
1,1,0.7669936713621973,Critical
0,0,0.01110810902159595,Low
0,0,0.1380720937146387,Low
1,1,0.6495714285714286,High
1,1,0.9311653653355578,Critical
0,0,0.005263315061145408,Low
0,0,0.01962405075069613,Low
1,1,0.9323169050344207,Critical
0,0,0.14495733398393973,Low
0,0,0.006950574136382931,Low
0,0,0.045017565641131484,Low
1,1,0.9830530812324929,Critical
1,1,0.96868,Critical
1,1,0.9993292091540174,Critical
1,1,0.8693046082356782,Critical
0,0,0.025367758446152692,Low
0,0,0.012904739783245205,Low
0,0,0.009151322068093215,Low
0,0,0.003062609066512972,Low
0,0,0.00921543941238271,Low
1,1,0.9752309593156251,Critical
0,0,0.008249671274830828,Low
1,1,0.9224644385026737,Critical
0,0,0.014148563804555776,Low
0,0,0.1368543000367159,Low
0,0,0.017975570229606237,Low
0,0,0.018144331018443573,Low
1,1,0.7870345804988663,Critical
0,0,0.017687017318544065,Low
0,0,0.005845583553675239,Low
0,0,0.027330988128790253,Low
0,0,0.16414463865695605,Low
0,0,0.02023460957294985,Low
1,1,0.970065720721855,Critical
1,1,0.9302440503407086,Critical
0,0,0.10739233940495213,Low
1,1,0.8909011329026982,Critical
0,0,0.02422052012337604,Low
0,0,0.015400468023601096,Low
0,0,0.02021024848020129,Low
0,0,0.08756830383711849,Low
0,0,0.0701858507816699,Low
0,0,0.411216466578824,Medium
0,0,0.10453845512620888,Low
0,0,0.3055613869418603,Medium
0,0,0.07414332420250408,Low
1,1,0.9689877186454042,Critical
0,0,0.031046094234330343,Low
0,0,0.04848765402900329,Low
0,0,0.003760769196680168,Low
0,0,0.018342653016354973,Low
0,0,0.004385744224883325,Low
0,0,0.4193785766716111,Medium
0,0,0.16166286582827394,Low
0,0,0.18825096025755297,Low
0,0,0.025647354539057452,Low
0,0,0.016449209134688413,Low
0,0,0.15058404705229056,Low
0,0,0.040523315556311196,Low
0,0,0.0030247592033006573,Low
1,1,0.7161001716160931,High
0,0,0.008902206100595831,Low
0,0,0.003017964887925586,Low
0,0,0.05835410969197188,Low
1,1,0.9894430069057326,Critical
0,0,0.07254750324095839,Low
0,0,0.09123802610712219,Low
0,0,0.0038299125902119657,Low
0,0,0.09760070398882206,Low
0,0,0.000972629153165482,Low
0,0,0.44290497031581194,Medium
1,1,0.8088127436986444,Critical
0,0,0.04656125773335137,Low
1,1,0.9178386968018759,Critical
1,1,0.7253017682418667,High
0,0,0.07634471948763831,Low
0,0,0.0446997053068724,Low
0,0,0.00842325364810107,Low
0,0,0.010373918916183873,Low
0,0,0.001882396754019805,Low
1,1,0.959666482935003,Critical
1,1,0.9131058976726368,Critical
0,0,0.026360712574529745,Low
0,0,0.07213655360247133,Low
1,1,0.8372478649308907,Critical
1,1,0.970502765510681,Critical
1,1,0.8233650512931823,Critical
0,0,0.004171583232626304,Low
0,0,0.002653450094137777,Low
0,0,0.23845158488927484,Low
0,0,0.015792106647351967,Low
0,0,0.010091056557219067,Low
0,0,0.0026905806304374598,Low
1,1,0.9195382921881956,Critical
0,0,0.14063367278622813,Low
0,0,0.027903648267114698,Low
0,0,0.019857862034916615,Low
0,0,0.10611404626405863,Low
0,0,0.019384684774916793,Low
0,0,0.002927680917232126,Low
1,1,0.9153874778027921,Critical
0,0,0.028729953728994024,Low
0,0,0.1904314911341724,Low
0,0,0.010814537696358636,Low
1,1,0.9503724033428361,Critical
1,1,0.99,Critical
1,1,0.8745016428843116,Critical
0,0,0.04490893842107702,Low
0,0,0.005377162364777035,Low
0,0,0.03979219900515054,Low
0,0,0.16356356503159664,Low
1,1,0.7058810491676346,High
0,0,0.008463076784016168,Low
1,1,0.9613473383131103,Critical
1,1,0.851117484658756,Critical
0,0,0.003907062511601873,Low
1,1,0.9809797637278221,Critical
0,0,0.014711846833546115,Low
0,0,0.003385162342596207,Low
0,0,0.009646843952320749,Low
0,0,0.15702726681799936,Low
0,0,0.25215102649994753,Medium
0,0,0.025041198785653966,Low
0,0,0.09345516968594289,Low
0,0,0.0771034596434283,Low
0,0,0.24779540232078345,Low
0,0,0.00494224763902694,Low
0,0,0.033120168096126744,Low
0,0,0.0478016616266392,Low
1,1,0.9910955882352941,Critical
1,1,0.935104695385671,Critical
1,1,0.8700114787354656,Critical
1,1,0.6066078245543292,High
0,0,0.04508816852243967,Low
1,1,0.9563135730539638,Critical
0,0,0.02499044358540532,Low
0,0,0.004657548686124269,Low
1,1,0.8534061577034252,Critical
0,0,0.028063867387623204,Low
1,0,0.3681035178525533,Medium
1,1,0.9181372192921937,Critical
1,1,0.9510253184535875,Critical
1,1,0.7382832586977457,High
0,0,0.005246520188308901,Low
0,0,0.04471415336875223,Low
0,0,0.019201119761617237,Low
0,0,0.22456913919413918,Low
0,0,0.0317376821375786,Low
1,1,0.8534883695413649,Critical
1,1,0.9371323809523809,Critical
0,0,0.011307557370753299,Low
0,0,0.061925147501433145,Low
0,0,0.0036306466799967407,Low
0,0,0.015407928856028064,Low
1,1,0.7078047112510528,High
0,0,0.018602822014274076,Low
0,0,0.09535243944138036,Low
0,0,0.14499993920446752,Low
0,0,0.14616443079428126,Low
0,0,0.06618954171786119,Low
0,0,0.009523781687372475,Low
0,0,0.020596296835688473,Low
0,0,0.02970269265234044,Low
0,0,0.007418782779377511,Low
1,1,0.9429814182255718,Critical
0,0,0.01015414732038855,Low
0,0,0.039958553675220235,Low
0,0,0.4818112677842181,Medium
1,1,0.8316244442527991,Critical
0,0,0.003879921790846418,Low
1,1,0.5439217085387056,High
0,0,0.11407261409437432,Low
0,0,0.011308171933347924,Low
0,0,0.05030524252061448,Low
0,0,0.17375423155178818,Low
1,1,0.9909039215686275,Critical
0,1,0.5782690001777459,High
0,0,0.06350512985486235,Low
0,0,0.02075126804529667,Low
0,0,0.09947780588553963,Low
0,0,0.139986842547731,Low
0,0,0.015325666491030515,Low
1,1,0.655126591343296,High
0,0,0.030193955521588496,Low
0,0,0.08553210458487116,Low
1,1,0.99706568092886,Critical
0,0,0.4144568357674562,Medium
1,1,0.7962544699524895,Critical
0,0,0.0050617709213185745,Low
1,1,0.626357142857143,High
0,0,0.013358865634255748,Low
1,1,0.9991420168067227,Critical
1,1,0.8045064312508449,Critical
0,0,0.193082287486254,Low
1,1,0.7608152026556263,Critical
0,0,0.11824059033163158,Low
0,0,0.1145466432673707,Low
0,0,0.037540111955346255,Low
0,0,0.0038462326504841524,Low
0,0,0.10537249690469096,Low
0,0,0.026481954081139607,Low
0,0,0.008059686598517636,Low
1,1,0.9801049127401741,Critical
1,1,0.9176042705885306,Critical
0,0,0.004762704197359286,Low
0,0,0.09813836469258762,Low
0,0,0.008421986805267014,Low
0,0,0.0027538490166971264,Low
0,0,0.004669668418275545,Low
0,0,0.014886851502151204,Low
0,0,0.0023662123221847796,Low
1,1,0.9967711477876523,Critical
0,0,0.022077014547574138,Low
0,0,0.03272768004828363,Low
0,0,0.04666166185587432,Low
0,0,0.02576117912438905,Low
0,0,0.01186283831524071,Low
0,0,0.15808103522782954,Low
0,0,0.24963810418340718,Low
0,0,0.005848593809078545,Low
1,1,0.9499046345811053,Critical
1,1,0.761525582560068,Critical
0,0,0.048518867984453935,Low
0,0,0.01044866266155216,Low
0,0,0.011771847600184673,Low
0,0,0.004995390994464059,Low
0,0,0.006785685553381054,Low
0,0,0.0034540894694347055,Low
0,0,0.05232784064368778,Low
0,0,0.015963922632511743,Low
0,0,0.02669406420749835,Low
1,1,0.9814689294745945,Critical
1,0,0.3585478442944845,Medium
1,1,0.9191664871076634,Critical
0,0,0.05397582237113716,Low
1,1,0.9382320098400538,Critical
0,0,0.07810035543321504,Low
1,1,0.9805207330896392,Critical
0,0,0.004322051515345853,Low
1,0,0.4375696170953868,Medium
0,0,0.060110359193216736,Low
1,1,0.9738643182770774,Critical
1,1,0.9005714285714285,Critical
0,0,0.0025593803884671872,Low
0,0,0.06505191812552531,Low
1,1,0.9690895947932272,Critical
0,0,0.026856490892098517,Low
1,1,0.921285654147652,Critical
0,0,0.02351987730705789,Low
0,0,0.014077566634818713,Low
0,0,0.021518507285194506,Low
0,0,0.0028665418880111575,Low
1,1,0.9676309523809524,Critical
0,0,0.0025452656526684203,Low
0,0,0.35728297965731687,Medium
0,0,0.019799367244455312,Low
0,0,0.00172919224270689,Low
1,1,0.9237267265683446,Critical
1,1,0.9873800340152953,Critical
0,0,0.003124281767418916,Low
1,1,0.5043194345460091,High
1,1,0.8284781335147718,Critical
0,0,0.1614809950932321,Low
1,1,0.9365894068784852,Critical
0,0,0.04731135815322241,Low
0,0,0.008944629719196344,Low
1,1,0.9196294661271023,Critical
0,0,0.003000966842873691,Low
1,1,0.987035755699409,Critical
1,1,0.9917351590433213,Critical
0,0,0.1733452962430483,Low
1,1,0.8760569908886453,Critical
0,0,0.014339664868176791,Low
0,0,0.011937941688221735,Low
0,0,0.03476498620583198,Low
1,1,0.8794166666666667,Critical
0,0,0.0396120966188116,Low
0,0,0.021435280428470153,Low
1,1,0.9992478991596638,Critical
1,1,0.930381584548375,Critical
1,1,0.9727564352764353,Critical
0,0,0.11967937614102704,Low
0,0,0.46180012619014305,Medium
0,0,0.0423478399196157,Low
1,0,0.2913808580429745,Medium
0,0,0.04801676535810035,Low
0,0,0.03343891270736679,Low
1,1,0.8859765484965486,Critical
0,0,0.006690087519918092,Low
1,1,0.9838857142857143,Critical
1,1,0.8919750233426704,Critical
1,1,0.9766140016708438,Critical
0,0,0.3083854843322191,Medium
0,0,0.09148298358549947,Low
1,1,0.9990484011786533,Critical
1,1,0.947026524131738,Critical
1,1,0.9023945580000349,Critical
0,0,0.006964879017443386,Low
1,1,0.9885890565769916,Critical
1,1,0.9746217137984484,Critical
1,1,0.9555524178758911,Critical
1,1,0.8268336076366029,Critical
1,1,0.6384586093453015,High
0,0,0.0013589423449703432,Low
0,0,0.0028292639027872202,Low
0,0,0.010699694657010136,Low
0,0,0.03772839051880665,Low
0,0,0.0032693285199913488,Low
0,0,0.003439898130681079,Low
0,0,0.01153210046803826,Low
0,0,0.002771791982945819,Low
0,0,0.013649468793445045,Low
1,1,0.7956313885630792,Critical
1,1,0.761834094507368,Critical
0,0,0.09010336341546407,Low
1,1,0.8565474371478962,Critical
0,0,0.018984034263730545,Low
0,0,0.0931591182364634,Low
0,0,0.05277165469148629,Low
0,0,0.02336052084736446,Low
1,1,0.7466709447619801,High
1,1,0.9317638633438033,Critical
0,0,0.007644120996849897,Low
0,0,0.22388324531260387,Low
0,0,0.007797278772587086,Low
0,0,0.005539238796397508,Low
0,0,0.052100851095177425,Low
0,0,0.006659340702473398,Low
1,1,0.9233285863781717,Critical
1,1,0.9618869312471692,Critical
0,0,0.056153727905568926,Low
1,1,0.9938523616343089,Critical
0,0,0.004133995826252094,Low
0,0,0.04298340170530967,Low
0,0,0.06855351982874444,Low
0,0,0.07169118325310393,Low
1,0,0.24117735430487244,Low
0,0,0.04687237975184781,Low
0,0,0.23460134034837538,Low
0,0,0.01233088925809773,Low
0,0,0.02580665568043523,Low
1,1,0.6424145494427027,High
0,0,0.08406885883725311,Low
0,0,0.30106943555935284,Medium
0,0,0.044702125437371676,Low
0,0,0.0540072107696991,Low
0,0,0.00120299117650445,Low
1,1,0.9850890269151138,Critical
0,0,0.09374777779246644,Low
1,1,0.8947121075160898,Critical
1,1,0.9822480379674604,Critical
1,1,0.952328899896012,Critical
0,0,0.06057577098781966,Low
0,0,0.03550534072802141,Low
0,0,0.13537255570035206,Low
1,1,0.9964709227285501,Critical
0,0,0.14213270630820443,Low
0,0,0.020963761304990267,Low
0,0,0.05910663005663222,Low
0,0,0.038920002735831474,Low
0,0,0.0022389527699568906,Low
0,0,0.06806687629396568,Low
1,1,0.5641823636649635,High
0,0,0.011289670120937354,Low
0,0,0.11121394111058581,Low
0,0,0.08090994992912362,Low
0,0,0.3955109950806252,Medium
0,0,0.13321095332538252,Low
1,1,0.9200425614040907,Critical
0,0,0.049098402747570456,Low
1,0,0.30734601483448204,Medium
0,1,0.9245051620398681,Critical
0,0,0.016212020767020958,Low
1,1,0.9622558351519223,Critical
0,0,0.07456400564387662,Low
0,0,0.004585270834565353,Low
0,0,0.1032206141445177,Low
0,0,0.0025548391090151955,Low
1,0,0.4338609791819655,Medium
0,0,0.07692478283582889,Low
1,1,0.7703629468587248,Critical
1,1,0.8563925129874959,Critical
0,0,0.013992296951537643,Low
1,0,0.4316528541454485,Medium
0,0,0.004349258961747863,Low
1,1,0.6149867928611079,High
0,0,0.00997567982575549,Low
1,1,0.7098706055922649,High
0,0,0.019647727506474377,Low
0,0,0.0030855094174456815,Low
0,0,0.24631805133830578,Low
1,1,0.9990656809288601,Critical
0,0,0.0033847400999765078,Low
0,0,0.3452350353192449,Medium
1,1,0.9920459183673469,Critical
1,1,0.9783039215686276,Critical
1,1,0.9648405888287914,Critical
1,1,0.9877705882352942,Critical
1,1,0.8903737285881981,Critical
1,1,0.9536231574431574,Critical
0,0,0.16280548242824985,Low
0,0,0.07163460852976299,Low
1,1,0.8819012976913772,Critical
0,0,0.17603163365931918,Low
0,0,0.008308585435288833,Low
0,1,0.5307070129530747,High
1,1,0.9990816326530613,Critical
0,0,0.021734816323485274,Low
0,1,0.9669134443693628,Critical
0,0,0.0974138355728075,Low
0,0,0.027696659764710634,Low
0,0,0.0025916117292396233,Low
0,0,0.4171991899852725,Medium
0,0,0.04413007592474574,Low
1,1,0.8311944802999568,Critical
0,0,0.07136007007072603,Low
1,1,0.9766306382919805,Critical
1,1,0.9895705882352941,Critical
0,0,0.00517843473980746,Low
1,1,0.9911049127401741,Critical
0,0,0.004368165830321185,Low
1,1,0.9904954297508478,Critical
0,0,0.01041722243119164,Low
1,1,0.7764391133695522,Critical
0,0,0.014955767408256744,Low
0,0,0.03675451110120797,Low
0,0,0.03136131060858074,Low
1,1,0.9988654188948307,Critical
1,1,0.9583039215686275,Critical
0,0,0.09689801396113829,Low
0,0,0.09036441824631378,Low
0,0,0.057357361163829515,Low
1,1,0.9913990303872331,Critical
0,0,0.00587827311945488,Low
1,1,0.9812739510939511,Critical
0,0,0.13377998221366905,Low
0,0,0.035393929344471234,Low
0,0,0.017208144144710884,Low
0,0,0.007375990583293944,Low
0,0,0.012058560790562667,Low
0,0,0.045762870521705856,Low
1,1,0.9993379351740697,Critical
0,0,0.053185093123134485,Low
0,0,0.04261989157727146,Low
0,0,0.01274929344619884,Low
0,0,0.1644720926665728,Low
0,0,0.01035247464301484,Low
0,0,0.0024229189914251343,Low
0,0,0.3697061788997216,Medium
0,0,0.14360099473831667,Low
0,0,0.015373821936812788,Low
0,0,0.0038391180645085364,Low
0,0,0.03050719342265246,Low
0,0,0.11233770192946403,Low
1,1,0.9595354729141574,Critical
0,0,0.026708152689618393,Low
1,1,0.5961393319248479,High
0,0,0.028441001025173128,Low
1,1,0.9945705882352941,Critical
1,1,0.8458481785999772,Critical
0,0,0.011003845652892691,Low
1,1,0.9984814153029633,Critical
0,0,0.012095936616811081,Low
0,0,0.00379772270348064,Low
1,1,0.9603384746561759,Critical
1,1,0.918455180508176,Critical
0,0,0.005114465372331845,Low
0,0,0.047137451211711444,Low
0,0,0.022792299939962065,Low
0,0,0.025242586162067697,Low
1,1,0.9418710605975594,Critical
0,0,0.03313568749213401,Low
0,0,0.02036621705990179,Low
0,0,0.06609005490540266,Low
0,0,0.097806620665485,Low
0,0,0.005168458462216636,Low
0,0,0.05571767974463313,Low
1,1,0.9839699804224119,Critical
1,1,0.898803439648784,Critical
0,0,0.008801524281226712,Low
1,1,0.8839036170699811,Critical
1,1,0.917684090637116,Critical
1,1,0.9998942523574316,Critical
0,0,0.035613099277901655,Low
0,0,0.04161808950541961,Low
0,0,0.006186247846629022,Low
0,0,0.10369613561419498,Low
0,0,0.13090330772696915,Low
0,0,0.005876072508812807,Low
0,0,0.22017554465855338,Low
1,1,0.9391148648648646,Critical
0,0,0.056158084348647386,Low
0,0,0.01354347702105213,Low
1,1,0.9281366015493604,Critical
1,1,0.8489124237487644,Critical
1,1,0.7615000000000001,Critical
1,1,0.9991864715991536,Critical
0,0,0.07724085982267946,Low
1,1,0.8009334975369459,Critical
0,0,0.1264672066084952,Low
0,0,0.0019932532033065903,Low
0,0,0.049813375632447816,Low
0,0,0.021559995788831658,Low
0,0,0.40765572499075636,Medium
0,0,0.051086504991895085,Low
1,1,0.9228402585829708,Critical
0,0,0.07347570459477731,Low
0,0,0.2642684980661526,Medium
1,1,0.6556642382917489,High
0,0,0.017589804198892344,Low
0,0,0.015238762432047437,Low
1,1,0.9381715783343039,Critical
0,0,0.019913805423846864,Low
0,0,0.008336957872880826,Low
1,1,0.9945420168067227,Critical
0,0,0.004394549848913074,Low
0,0,0.007538389636587082,Low
1,1,0.9450144868023262,Critical
1,1,0.8737145059070524,Critical
0,0,0.16501575078594172,Low
0,0,0.04834383040938973,Low
0,0,0.028942459433088104,Low
0,0,0.0032090426661185007,Low
0,0,0.0028999832126165364,Low
0,0,0.00849947445356094,Low
1,1,0.6877042585293524,High
0,0,0.021478953027838074,Low
0,0,0.02016241519821998,Low
0,0,0.004416128203043237,Low
1,1,0.9236666666666666,Critical
0,0,0.10122691661487573,Low
0,0,0.015230256236248749,Low
1,1,0.9652770791677208,Critical
0,0,0.00983006784820424,Low
0,0,0.004487429628503836,Low
0,0,0.146779728991968,Low
0,0,0.19547199653931813,Low
0,0,0.016167619191415933,Low
0,0,0.02939869999511299,Low
0,0,0.019107938610491253,Low
0,0,0.21535712728094014,Low
1,1,0.9903290744184825,Critical
1,1,0.7148715651066382,High
1,1,0.9410122889866127,Critical
1,1,0.7549907904437483,Critical
0,0,0.00708110666868228,Low
1,1,0.9687809330628804,Critical
0,0,0.41489140836966926,Medium
1,1,0.8828333333333331,Critical
1,1,0.9100399862532224,Critical
1,1,0.8280376956827655,Critical
1,1,0.9970420168067227,Critical
0,0,0.01890280477267911,Low
0,0,0.010250481781515643,Low
0,0,0.11173181042967417,Low
0,0,0.23871640290217666,Low
0,0,0.03072574066048282,Low
0,0,0.08936057746198639,Low
1,1,0.687217050714123,High
0,0,0.0112294328198965,Low
1,1,0.8488425544274828,Critical
1,1,0.8066749820667897,Critical
1,1,0.996757006454756,Critical
1,1,0.7478636908654894,High
0,0,0.11335394466319057,Low
1,1,0.9453093602916905,Critical
1,0,0.4653216368772409,Medium
0,0,0.015609044911763277,Low
0,0,0.027928937305504675,Low
1,1,0.939844084542558,Critical
0,0,0.05615254591166534,Low
0,0,0.01885114268925348,Low
1,1,0.9743288306688084,Critical
0,0,0.051108447206580934,Low
0,0,0.09944556717766297,Low
1,1,0.9434196220851127,Critical
0,0,0.09696642969734671,Low
0,0,0.07611891885662517,Low
0,0,0.012408947104880894,Low
0,0,0.014497687238162034,Low
1,1,0.9489606452928315,Critical
0,0,0.4090810647752711,Medium
0,0,0.02322142095904752,Low
0,0,0.014107790822545813,Low
0,0,0.14092574358866483,Low
1,1,0.983194694512674,Critical
1,1,0.9126575091575093,Critical
0,0,0.133755660587876,Low
0,0,0.008444709631683638,Low
0,0,0.11542906610771203,Low
0,0,0.009351531288355214,Low
1,1,0.9169688033909945,Critical
0,0,0.028288230298462377,Low
0,0,0.3201800931002747,Medium
0,0,0.0057459079193133466,Low
1,1,0.7389444444444444,High
1,1,0.8586588513339356,Critical
0,0,0.04970904932534682,Low
1,1,0.6405330148560098,High
0,0,0.061832108661201125,Low
0,0,0.03116665939196702,Low
1,1,0.8462299798093508,Critical
1,1,0.978143727304926,Critical
1,1,0.7967914679395591,Critical
0,0,0.31295947007144714,Medium
0,0,0.03735625131518559,Low
1,1,0.9920614973262032,Critical
0,0,0.4861594235902655,Medium
0,0,0.1909108868451973,Low
0,0,0.007469344790252946,Low
1,1,0.9281752040666522,Critical
0,0,0.15389014258108824,Low
0,0,0.018227586959634532,Low
1,1,0.8608007518796993,Critical
0,0,0.008459216586821415,Low
0,0,0.3636199128984227,Medium
0,0,0.014471185888776687,Low
0,0,0.005246285922464995,Low
0,0,0.0029546018212808904,Low
0,0,0.02147413383355609,Low
1,1,0.8766261746557171,Critical
0,0,0.2464200154863537,Low
1,1,0.8558968532246932,Critical
0,0,0.00267336751603032,Low
0,0,0.010990398221223292,Low
0,0,0.062063494251087425,Low
0,0,0.235758185788227,Low
1,1,0.8469100627248857,Critical
0,0,0.006989495676831357,Low
0,0,0.012347650820402171,Low
1,1,0.9982275856907649,Critical
1,1,0.9123110015592014,Critical
1,1,0.924366339532224,Critical
0,0,0.4555127621561445,Medium
1,1,0.9600548081800236,Critical
0,0,0.008872466470397277,Low
0,0,0.05262020432735979,Low
0,0,0.10958430874958111,Low
0,0,0.002647401556505917,Low
0,0,0.04866385923390454,Low
0,0,0.02519696533198829,Low
1,1,0.9999705882352942,Critical
0,0,0.01069251138681252,Low
0,0,0.06101768471643141,Low
0,0,0.019818452134018342,Low
1,1,0.9139072739507617,Critical
0,0,0.07363387588068844,Low
0,0,0.04189592850902697,Low
1,1,0.9966138691998538,Critical
1,1,0.9848942523574316,Critical
0,0,0.013309691268904023,Low
1,0,0.4573200045057328,Medium
1,1,0.8984788427621266,Critical
1,1,0.9998715783343041,Critical
0,0,0.01147916981528289,Low
1,1,0.6872611291319162,High
0,0,0.011490521893974788,Low
0,0,0.0031844841508079937,Low
0,0,0.33703546984125055,Medium
0,0,0.020221748722100627,Low
0,0,0.01120090883169987,Low
1,1,0.7626344122619426,Critical
0,0,0.002598498001482938,Low
0,0,0.006768098489787465,Low
0,0,0.01055721965476528,Low
0,0,0.13097314793345768,Low
1,0,0.23558928302561088,Low
0,0,0.23447748855642694,Low
0,0,0.055826421014102276,Low
0,0,0.0077993482424655895,Low
0,0,0.005414966484083255,Low
0,0,0.34161017495092083,Medium
1,1,0.9724271463653835,Critical
1,1,0.9825048966151345,Critical
0,0,0.037724035076043355,Low
1,1,0.8814103194103194,Critical
1,1,0.999261599296207,Critical
1,1,0.8780438299960703,Critical
0,0,0.0022500514416395924,Low
0,0,0.010933284582638161,Low
0,0,0.035102857567230646,Low
1,1,0.9945705882352941,Critical
1,1,0.8993520210504943,Critical
0,0,0.0056320879022395895,Low
0,0,0.009941853357216911,Low
1,1,0.7276127355638671,High
1,1,0.9220929507557096,Critical
1,0,0.4672667424929312,Medium
1,1,0.9535025327525325,Critical
0,0,0.0339671935286223,Low
0,0,0.03600296712009297,Low
1,1,0.9946764705882353,Critical
0,0,0.24267347536773165,Low
0,0,0.0019762058314296825,Low
1,1,0.9799705882352941,Critical
0,0,0.042641977467894734,Low
1,1,0.8572302358091455,Critical
0,0,0.01130765655221923,Low
1,1,0.9439410515765614,Critical
0,0,0.007054110156263885,Low
0,0,0.016638714308460974,Low
0,0,0.3201431643227487,Medium
0,0,0.3098578157932588,Medium
1,1,0.972047457354252,Critical
1,1,0.9790430069057325,Critical
0,0,0.08015663923948653,Low
0,0,0.3763454086617313,Medium
0,0,0.1460843881827571,Low
0,0,0.00293851966815666,Low
1,1,0.9574824124340001,Critical
1,1,0.9187699790071239,Critical
1,0,0.42340305580080384,Medium
1,1,0.9850144428264336,Critical
0,0,0.027716674522940257,Low
1,1,0.9541883988618955,Critical
1,1,0.9999705882352942,Critical
1,1,0.8388931821083604,Critical
1,1,0.9677815315315315,Critical
0,0,0.026460635998828322,Low
1,1,0.9004543120508687,Critical
0,0,0.03957175355456745,Low
0,0,0.31471118903995293,Medium
0,0,0.1482514167251645,Low
1,1,0.9859344135991194,Critical
1,1,0.975626640350137,Critical
1,1,0.9501928243795003,Critical
1,0,0.06807115392723967,Low
0,0,0.11721953920823065,Low
1,0,0.3950642857142857,Medium
0,0,0.020592014053304148,Low
0,0,0.003142401416927601,Low
0,0,0.01616884880551535,Low
1,1,0.958424295847237,Critical
1,1,0.9989705882352942,Critical
0,0,0.0350138972298871,Low
0,0,0.3141962421522445,Medium
1,0,0.44271496540270844,Medium
0,0,0.14509828014252701,Low
1,1,0.9889475703324808,Critical
1,1,0.8205530195831475,Critical
0,0,0.013938854451473724,Low
0,0,0.03462262302634453,Low
1,1,0.9906540129095116,Critical
1,1,0.96284252134706,Critical
0,0,0.1552091912803733,Low
1,1,0.8150094179709885,Critical
0,0,0.0011961629819463452,Low
0,0,0.04168179100398792,Low
1,1,0.9435384288936429,Critical
1,1,0.9371153724215696,Critical
0,0,0.00879287819502828,Low
1,1,0.9994001347103727,Critical
0,0,0.2964064592607773,Medium
0,0,0.002523992977152392,Low
0,0,0.011680538568686318,Low
1,1,0.961119663819249,Critical
0,0,0.004901480959607271,Low
0,0,0.013277045511575334,Low
0,0,0.017454575447102088,Low
1,1,0.9904210892107622,Critical
